Block,Temperature,Day,Cup,Sporozoite Prevalence
0,21,10,1,0
0,21,10,1,0
0,21,10,1,0
0,21,10,1,0
0,21,10,1,0
0,21,10,1,0
0,21,10,1,0
0,21,10,1,0
0,21,10,2,0
0,21,10,2,0
0,21,10,2,0
0,21,10,2,0
0,21,10,2,0
0,21,10,2,0
0,21,10,2,0
0,21,10,3,0
0,21,10,3,0
0,21,10,3,0
0,21,10,3,0
0,21,10,3,0
0,21,10,3,0
0,21,10,3,0
0,21,10,3,0
0,21,10,4,0
0,21,10,4,0
0,21,10,4,0
0,21,10,4,0
0,21,10,4,0
0,21,10,4,0
0,21,10,4,0
0,21,10,4,0
1,21,10,1,0
1,21,10,1,0
1,21,10,1,0
1,21,10,1,0
1,21,10,1,0
1,21,10,1,0
1,21,10,1,0
1,21,10,2,0
1,21,10,2,0
1,21,10,2,0
1,21,10,2,0
1,21,10,2,0
1,21,10,2,0
1,21,10,2,0
1,21,10,2,0
1,21,10,3,0
1,21,10,3,0
1,21,10,3,0
1,21,10,3,0
1,21,10,3,0
1,21,10,3,0
1,21,10,3,0
1,21,10,3,0
1,21,10,4,0
1,21,10,4,0
1,21,10,4,0
1,21,10,4,0
1,21,10,4,0
1,21,10,4,0
1,21,10,4,0
1,21,10,4,0
0,21,11,1,0
0,21,11,1,0
0,21,11,1,0
0,21,11,1,0
0,21,11,1,0
0,21,11,1,0
0,21,11,1,0
0,21,11,1,0
0,21,11,2,0
0,21,11,2,0
0,21,11,2,0
0,21,11,2,0
0,21,11,2,0
0,21,11,2,0
0,21,11,2,0
0,21,11,2,0
0,21,11,2,0
0,21,11,3,0
0,21,11,3,0
0,21,11,3,0
0,21,11,3,0
0,21,11,3,0
0,21,11,3,0
0,21,11,3,0
0,21,11,3,0
0,21,11,4,0
0,21,11,4,0
0,21,11,4,0
0,21,11,4,0
0,21,11,4,0
0,21,11,4,0
0,21,11,4,0
0,21,11,4,0
1,21,11,1,0
1,21,11,1,0
1,21,11,1,0
1,21,11,1,0
1,21,11,1,0
1,21,11,1,0
1,21,11,1,0
1,21,11,1,0
1,21,11,1,0
1,21,11,2,0
1,21,11,2,0
1,21,11,2,0
1,21,11,2,0
1,21,11,2,0
1,21,11,2,0
1,21,11,2,0
1,21,11,2,0
1,21,11,3,0
1,21,11,3,0
1,21,11,3,0
1,21,11,3,0
1,21,11,3,0
1,21,11,3,0
1,21,11,3,0
1,21,11,3,0
1,21,11,4,0
1,21,11,4,0
1,21,11,4,0
1,21,11,4,0
1,21,11,4,0
1,21,11,4,0
1,21,11,4,0
1,21,11,4,0
0,21,12,1,0
0,21,12,1,0
0,21,12,1,0
0,21,12,1,0
0,21,12,1,0
0,21,12,1,0
0,21,12,1,1
0,21,12,1,0
0,21,12,2,0
0,21,12,2,0
0,21,12,2,0
0,21,12,2,1
0,21,12,2,0
0,21,12,2,0
0,21,12,2,0
0,21,12,2,0
0,21,12,2,1
0,21,12,3,0
0,21,12,3,0
0,21,12,3,0
0,21,12,3,0
0,21,12,3,0
0,21,12,3,0
0,21,12,3,0
0,21,12,3,0
0,21,12,3,0
0,21,12,4,0
0,21,12,4,0
0,21,12,4,0
0,21,12,4,1
0,21,12,4,0
0,21,12,4,0
0,21,12,4,0
0,21,12,4,0
1,21,12,1,0
1,21,12,1,0
1,21,12,1,0
1,21,12,1,0
1,21,12,1,1
1,21,12,1,0
1,21,12,1,0
1,21,12,1,0
1,21,12,1,0
1,21,12,2,0
1,21,12,2,0
1,21,12,2,0
1,21,12,2,0
1,21,12,2,0
1,21,12,2,0
1,21,12,2,0
1,21,12,2,0
1,21,12,3,0
1,21,12,3,0
1,21,12,3,0
1,21,12,3,0
1,21,12,3,0
1,21,12,3,0
1,21,12,3,0
1,21,12,3,0
1,21,12,3,0
1,21,12,4,0
1,21,12,4,0
1,21,12,4,0
1,21,12,4,0
1,21,12,4,0
1,21,12,4,0
1,21,12,4,0
1,21,12,4,0
0,21,13,1,0
0,21,13,1,0
0,21,13,1,0
0,21,13,1,0
0,21,13,1,0
0,21,13,1,0
0,21,13,1,0
0,21,13,1,0
0,21,13,2,0
0,21,13,2,0
0,21,13,2,0
0,21,13,2,0
0,21,13,2,0
0,21,13,2,0
0,21,13,2,0
0,21,13,2,0
0,21,13,3,0
0,21,13,3,0
0,21,13,3,0
0,21,13,3,0
0,21,13,3,1
0,21,13,3,0
0,21,13,3,0
0,21,13,3,0
0,21,13,4,0
0,21,13,4,0
0,21,13,4,0
0,21,13,4,0
0,21,13,4,0
0,21,13,4,0
0,21,13,4,0
0,21,13,4,0
1,21,13,1,0
1,21,13,1,0
1,21,13,1,0
1,21,13,1,1
1,21,13,1,0
1,21,13,1,1
1,21,13,1,0
1,21,13,1,0
1,21,13,2,0
1,21,13,2,0
1,21,13,2,0
1,21,13,2,1
1,21,13,2,0
1,21,13,2,1
1,21,13,2,0
1,21,13,2,0
1,21,13,3,0
1,21,13,3,1
1,21,13,3,0
1,21,13,3,0
1,21,13,3,1
1,21,13,3,0
1,21,13,3,1
1,21,13,3,0
1,21,13,4,0
1,21,13,4,0
1,21,13,4,0
1,21,13,4,1
1,21,13,4,0
1,21,13,4,1
1,21,13,4,0
1,21,13,4,0
1,21,13,4,0
0,21,14,1,0
0,21,14,1,0
0,21,14,1,1
0,21,14,1,0
0,21,14,1,0
0,21,14,1,0
0,21,14,1,0
0,21,14,1,1
0,21,14,2,0
0,21,14,2,0
0,21,14,2,0
0,21,14,2,0
0,21,14,2,0
0,21,14,2,1
0,21,14,2,1
0,21,14,2,0
0,21,14,3,0
0,21,14,3,0
0,21,14,3,0
0,21,14,3,1
0,21,14,3,0
0,21,14,3,0
0,21,14,3,1
0,21,14,4,0
0,21,14,4,0
0,21,14,4,1
0,21,14,4,0
0,21,14,4,1
0,21,14,4,0
0,21,14,4,1
0,21,14,4,0
1,21,14,1,0
1,21,14,1,0
1,21,14,1,0
1,21,14,1,0
1,21,14,1,0
1,21,14,1,0
1,21,14,1,0
1,21,14,1,0
1,21,14,2,0
1,21,14,2,0
1,21,14,2,0
1,21,14,2,1
1,21,14,2,1
1,21,14,2,0
1,21,14,2,0
1,21,14,2,0
1,21,14,3,0
1,21,14,3,0
1,21,14,3,1
1,21,14,3,0
1,21,14,3,0
1,21,14,3,0
1,21,14,3,0
1,21,14,3,0
1,21,14,4,0
1,21,14,4,0
1,21,14,4,1
1,21,14,4,1
1,21,14,4,0
1,21,14,4,0
1,21,14,4,0
1,21,14,4,0
0,21,15,1,0
0,21,15,1,0
0,21,15,1,0
0,21,15,1,0
0,21,15,1,0
0,21,15,1,0
0,21,15,1,1
0,21,15,1,0
0,21,15,1,1
0,21,15,2,1
0,21,15,2,0
0,21,15,2,0
0,21,15,2,0
0,21,15,2,0
0,21,15,2,0
0,21,15,2,1
0,21,15,2,0
0,21,15,2,0
0,21,15,3,0
0,21,15,3,1
0,21,15,3,0
0,21,15,3,0
0,21,15,3,0
0,21,15,3,0
0,21,15,3,1
0,21,15,3,0
0,21,15,4,0
0,21,15,4,0
0,21,15,4,1
0,21,15,4,0
0,21,15,4,0
0,21,15,4,0
0,21,15,4,0
1,21,15,1,0
1,21,15,1,0
1,21,15,1,0
1,21,15,1,1
1,21,15,1,0
1,21,15,1,0
1,21,15,1,1
1,21,15,1,0
1,21,15,2,0
1,21,15,2,1
1,21,15,2,1
1,21,15,2,0
1,21,15,2,0
1,21,15,2,1
1,21,15,2,0
1,21,15,2,0
1,21,15,3,0
1,21,15,3,1
1,21,15,3,0
1,21,15,3,0
1,21,15,3,0
1,21,15,3,0
1,21,15,3,0
1,21,15,3,0
1,21,15,4,0
1,21,15,4,0
1,21,15,4,0
1,21,15,4,0
1,21,15,4,0
1,21,15,4,1
1,21,15,4,0
1,21,15,4,1
0,21,16,1,0
0,21,16,1,0
0,21,16,1,1
0,21,16,1,0
0,21,16,1,0
0,21,16,1,0
0,21,16,1,1
0,21,16,1,1
0,21,16,2,0
0,21,16,2,0
0,21,16,2,0
0,21,16,2,0
0,21,16,2,1
0,21,16,2,1
0,21,16,2,0
0,21,16,2,1
0,21,16,3,0
0,21,16,3,1
0,21,16,3,0
0,21,16,3,1
0,21,16,3,0
0,21,16,3,0
0,21,16,3,1
0,21,16,3,0
0,21,16,4,1
0,21,16,4,0
0,21,16,4,1
0,21,16,4,0
0,21,16,4,1
0,21,16,4,0
0,21,16,4,0
0,21,16,4,0
1,21,16,1,0
1,21,16,1,1
1,21,16,1,0
1,21,16,1,0
1,21,16,1,1
1,21,16,1,1
1,21,16,1,0
1,21,16,1,0
1,21,16,2,0
1,21,16,2,1
1,21,16,2,1
1,21,16,2,0
1,21,16,2,0
1,21,16,2,1
1,21,16,2,0
1,21,16,2,0
1,21,16,2,0
1,21,16,3,0
1,21,16,3,1
1,21,16,3,1
1,21,16,3,1
1,21,16,3,0
1,21,16,3,0
1,21,16,3,1
1,21,16,3,0
1,21,16,4,0
1,21,16,4,1
1,21,16,4,0
1,21,16,4,0
1,21,16,4,1
1,21,16,4,1
1,21,16,4,0
1,21,16,4,0
0,21,17,1,0
0,21,17,1,1
0,21,17,1,0
0,21,17,1,1
0,21,17,1,0
0,21,17,1,1
0,21,17,1,1
0,21,17,1,0
0,21,17,1,0
0,21,17,2,0
0,21,17,2,1
0,21,17,2,1
0,21,17,2,0
0,21,17,2,0
0,21,17,2,1
0,21,17,2,0
0,21,17,2,1
0,21,17,2,0
0,21,17,3,0
0,21,17,3,1
0,21,17,3,0
0,21,17,3,1
0,21,17,3,0
0,21,17,3,1
0,21,17,3,0
0,21,17,3,0
0,21,17,4,0
0,21,17,4,1
0,21,17,4,0
0,21,17,4,0
0,21,17,4,0
0,21,17,4,1
0,21,17,4,0
0,21,17,4,0
1,21,18,1,0
1,21,18,1,0
1,21,18,1,1
1,21,18,1,0
1,21,18,1,0
1,21,18,1,1
1,21,18,1,1
1,21,18,1,0
1,21,18,2,0
1,21,18,2,1
1,21,18,2,0
1,21,18,2,0
1,21,18,2,0
1,21,18,2,0
1,21,18,2,1
1,21,18,2,1
1,21,18,2,0
1,21,18,3,0
1,21,18,3,0
1,21,18,3,0
1,21,18,3,1
1,21,18,3,0
1,21,18,3,1
1,21,18,3,1
1,21,18,3,0
1,21,18,4,0
1,21,18,4,1
1,21,18,4,0
1,21,18,4,1
1,21,18,4,0
1,21,18,4,1
1,21,18,4,0
1,21,18,4,0
0,21,19,1,0
0,21,19,1,1
0,21,19,1,0
0,21,19,1,0
0,21,19,1,0
0,21,19,1,1
0,21,19,1,1
0,21,19,1,1
0,21,19,2,0
0,21,19,2,0
0,21,19,2,1
0,21,19,2,0
0,21,19,2,0
0,21,19,2,1
0,21,19,2,0
0,21,19,2,1
0,21,19,3,0
0,21,19,3,0
0,21,19,3,1
0,21,19,3,0
0,21,19,3,0
0,21,19,3,0
0,21,19,3,1
0,21,19,3,0
0,21,19,3,0
0,21,19,4,0
0,21,19,4,1
0,21,19,4,1
0,21,19,4,0
0,21,19,4,0
0,21,19,4,0
0,21,19,4,1
0,21,19,4,0
1,21,20,1,1
1,21,20,1,1
1,21,20,1,0
1,21,20,1,1
1,21,20,1,0
1,21,20,1,0
1,21,20,1,0
1,21,20,1,1
1,21,20,1,1
1,21,20,2,0
1,21,20,2,1
1,21,20,2,1
1,21,20,2,0
1,21,20,2,0
1,21,20,2,1
1,21,20,2,1
1,21,20,2,0
1,21,20,3,1
1,21,20,3,0
1,21,20,3,1
1,21,20,3,1
1,21,20,3,1
1,21,20,3,0
1,21,20,3,0
1,21,20,4,0
1,21,20,4,1
1,21,20,4,0
1,21,20,4,1
1,21,20,4,0
1,21,20,4,0
1,21,20,4,0
1,21,20,4,1
0,21,21,1,0
0,21,21,1,1
0,21,21,1,0
0,21,21,1,1
0,21,21,1,1
0,21,21,1,0
0,21,21,1,0
0,21,21,1,1
0,21,21,2,0
0,21,21,2,0
0,21,21,2,1
0,21,21,2,0
0,21,21,2,1
0,21,21,2,0
0,21,21,2,0
0,21,21,2,0
0,21,21,3,0
0,21,21,3,0
0,21,21,3,1
0,21,21,3,0
0,21,21,3,0
0,21,21,3,1
0,21,21,3,1
0,21,21,3,0
0,21,21,4,0
0,21,21,4,1
0,21,21,4,0
0,21,21,4,1
0,21,21,4,0
0,21,21,4,1
0,21,21,4,0
0,21,21,4,1
1,21,22,1,1
1,21,22,1,1
1,21,22,1,1
1,21,22,1,1
1,21,22,1,1
1,21,22,1,1
1,21,22,1,0
1,21,22,1,1
1,21,22,2,1
1,21,22,2,0
1,21,22,2,0
1,21,22,2,0
1,21,22,2,0
1,21,22,2,1
1,21,22,2,1
1,21,22,2,0
1,21,22,3,1
1,21,22,3,0
1,21,22,3,1
1,21,22,3,1
1,21,22,3,1
1,21,22,3,1
1,21,22,3,0
1,21,22,3,0
1,21,22,4,0
1,21,22,4,0
1,21,22,4,1
1,21,22,4,1
1,21,22,4,0
1,21,22,4,1
1,21,22,4,1
1,21,22,4,0
0,21,23,1,0
0,21,23,1,1
0,21,23,1,0
0,21,23,1,0
0,21,23,1,1
0,21,23,1,0
0,21,23,1,0
0,21,23,1,1
0,21,23,1,1
0,21,23,2,1
0,21,23,2,1
0,21,23,2,0
0,21,23,2,0
0,21,23,2,0
0,21,23,2,0
0,21,23,2,1
0,21,23,2,0
0,21,23,3,0
0,21,23,3,1
0,21,23,3,0
0,21,23,3,0
0,21,23,3,1
0,21,23,3,0
0,21,23,3,0
0,21,23,3,1
0,21,23,4,0
0,21,23,4,1
0,21,23,4,0
0,21,23,4,1
0,21,23,4,0
0,21,23,4,0
0,21,23,4,0
0,21,23,4,0
0,21,25,1,0
0,21,25,1,1
0,21,25,1,1
0,21,25,1,0
0,21,25,1,0
0,21,25,1,1
0,21,25,1,0
0,21,25,1,1
0,21,25,3,0
0,21,25,3,1
0,21,25,3,0
0,21,25,3,0
0,21,25,3,1
0,21,25,3,0
0,21,25,3,0
0,21,25,3,1
1,21,25,1,0
1,21,25,1,1
1,21,25,1,1
1,21,25,1,0
1,21,25,1,1
1,21,25,1,1
1,21,25,1,1
1,21,25,2,1
1,21,25,2,1
1,21,25,2,1
1,21,25,2,0
1,21,25,2,0
1,21,25,2,1
1,21,25,2,1
1,21,25,2,0
1,21,25,2,0
1,21,25,3,0
1,21,25,3,1
1,21,25,3,0
1,21,25,3,1
1,21,25,3,0
1,21,25,3,1
1,21,25,3,1
1,21,25,4,0
1,21,25,4,1
1,21,25,4,1
1,21,25,4,0
1,21,25,4,1
1,21,25,4,1
1,21,25,4,1
1,21,25,4,1
1,24,9,1,0
1,24,9,1,0
1,24,9,1,0
1,24,9,1,0
1,24,9,1,0
1,24,9,1,0
1,24,9,1,0
1,24,9,1,0
1,24,9,1,0
1,24,9,2,0
1,24,9,2,0
1,24,9,2,0
1,24,9,2,0
1,24,9,2,0
1,24,9,2,0
1,24,9,2,0
1,24,9,2,0
1,24,9,2,0
1,24,9,3,0
1,24,9,3,0
1,24,9,3,0
1,24,9,3,0
1,24,9,3,0
1,24,9,3,0
1,24,9,3,0
1,24,9,3,0
1,24,9,4,0
1,24,9,4,0
1,24,9,4,0
1,24,9,4,0
1,24,9,4,0
1,24,9,4,0
1,24,9,4,0
1,24,9,4,0
0,24,10,1,0
0,24,10,1,0
0,24,10,1,0
0,24,10,1,0
0,24,10,1,0
0,24,10,1,0
0,24,10,1,0
0,24,10,1,0
0,24,10,2,0
0,24,10,2,0
0,24,10,2,0
0,24,10,2,0
0,24,10,2,0
0,24,10,2,0
0,24,10,2,0
0,24,10,2,0
0,24,10,3,0
0,24,10,3,0
0,24,10,3,0
0,24,10,3,0
0,24,10,3,0
0,24,10,3,0
0,24,10,3,0
0,24,10,3,0
0,24,10,3,0
0,24,10,4,0
0,24,10,4,0
0,24,10,4,0
0,24,10,4,0
0,24,10,4,0
0,24,10,4,0
0,24,10,4,0
0,24,10,4,0
1,24,10,1,0
1,24,10,1,0
1,24,10,1,0
1,24,10,1,0
1,24,10,1,0
1,24,10,1,0
1,24,10,1,0
1,24,10,1,0
1,24,10,2,0
1,24,10,2,0
1,24,10,2,0
1,24,10,2,0
1,24,10,2,0
1,24,10,2,1
1,24,10,2,0
1,24,10,2,0
1,24,10,3,0
1,24,10,3,0
1,24,10,3,0
1,24,10,3,0
1,24,10,3,0
1,24,10,3,0
1,24,10,3,0
1,24,10,3,0
1,24,10,4,1
1,24,10,4,0
1,24,10,4,0
1,24,10,4,0
1,24,10,4,0
1,24,10,4,0
1,24,10,4,0
1,24,10,4,0
1,24,10,4,0
0,24,11,1,0
0,24,11,1,0
0,24,11,1,0
0,24,11,1,0
0,24,11,1,1
0,24,11,1,0
0,24,11,1,0
0,24,11,1,0
0,24,11,1,0
0,24,11,2,0
0,24,11,2,0
0,24,11,2,0
0,24,11,2,0
0,24,11,2,0
0,24,11,2,0
0,24,11,2,0
0,24,11,2,0
0,24,11,3,1
0,24,11,3,0
0,24,11,3,0
0,24,11,3,0
0,24,11,3,0
0,24,11,3,0
0,24,11,3,0
0,24,11,3,1
0,24,11,4,0
0,24,11,4,0
0,24,11,4,1
0,24,11,4,0
0,24,11,4,0
0,24,11,4,0
0,24,11,4,0
0,24,11,4,0
0,24,11,4,0
1,24,11,1,0
1,24,11,1,0
1,24,11,1,0
1,24,11,1,1
1,24,11,1,0
1,24,11,1,1
1,24,11,1,0
1,24,11,1,0
1,24,11,2,0
1,24,11,2,0
1,24,11,2,0
1,24,11,2,1
1,24,11,2,0
1,24,11,2,0
1,24,11,2,0
1,24,11,2,0
1,24,11,3,0
1,24,11,3,0
1,24,11,3,0
1,24,11,3,0
1,24,11,3,0
1,24,11,3,0
1,24,11,3,1
1,24,11,3,0
1,24,11,4,0
1,24,11,4,1
1,24,11,4,0
1,24,11,4,0
1,24,11,4,0
1,24,11,4,0
1,24,11,4,1
1,24,11,4,0
0,24,12,1,0
0,24,12,1,1
0,24,12,1,0
0,24,12,1,0
0,24,12,1,1
0,24,12,1,0
0,24,12,1,1
0,24,12,1,1
0,24,12,2,1
0,24,12,2,0
0,24,12,2,0
0,24,12,2,1
0,24,12,2,1
0,24,12,2,0
0,24,12,2,0
0,24,12,2,1
0,24,12,3,0
0,24,12,3,0
0,24,12,3,1
0,24,12,3,1
0,24,12,3,0
0,24,12,3,0
0,24,12,3,0
0,24,12,3,1
0,24,12,4,0
0,24,12,4,1
0,24,12,4,1
0,24,12,4,0
0,24,12,4,1
0,24,12,4,0
0,24,12,4,0
0,24,12,4,1
1,24,12,1,0
1,24,12,1,1
1,24,12,1,0
1,24,12,1,0
1,24,12,1,1
1,24,12,1,1
1,24,12,1,0
1,24,12,1,0
1,24,12,2,0
1,24,12,2,1
1,24,12,2,0
1,24,12,2,0
1,24,12,2,1
1,24,12,2,0
1,24,12,2,1
1,24,12,2,0
1,24,12,3,0
1,24,12,3,0
1,24,12,3,1
1,24,12,3,1
1,24,12,3,1
1,24,12,3,0
1,24,12,3,0
1,24,12,3,1
1,24,12,4,0
1,24,12,4,0
1,24,12,4,1
1,24,12,4,1
1,24,12,4,0
1,24,12,4,0
1,24,12,4,1
1,24,12,4,1
1,24,12,4,0
0,24,13,1,0
0,24,13,1,1
0,24,13,1,1
0,24,13,1,0
0,24,13,1,0
0,24,13,1,1
0,24,13,1,0
0,24,13,1,1
0,24,13,2,0
0,24,13,2,1
0,24,13,2,1
0,24,13,2,0
0,24,13,2,1
0,24,13,2,0
0,24,13,2,0
0,24,13,2,1
0,24,13,2,1
0,24,13,3,0
0,24,13,3,0
0,24,13,3,0
0,24,13,3,0
0,24,13,3,1
0,24,13,3,1
0,24,13,3,0
0,24,13,3,1
0,24,13,4,0
0,24,13,4,1
0,24,13,4,1
0,24,13,4,0
0,24,13,4,0
0,24,13,4,0
0,24,13,4,1
0,24,13,4,0
1,24,13,1,1
1,24,13,1,0
1,24,13,1,1
1,24,13,1,1
1,24,13,1,1
1,24,13,1,0
1,24,13,1,0
1,24,13,1,1
1,24,13,1,0
1,24,13,2,0
1,24,13,2,1
1,24,13,2,1
1,24,13,2,1
1,24,13,2,1
1,24,13,2,1
1,24,13,2,1
1,24,13,2,1
1,24,13,2,1
1,24,13,3,1
1,24,13,3,0
1,24,13,3,0
1,24,13,3,1
1,24,13,3,0
1,24,13,3,1
1,24,13,3,1
1,24,13,3,1
1,24,13,4,0
1,24,13,4,1
1,24,13,4,1
1,24,13,4,1
1,24,13,4,1
1,24,13,4,0
1,24,13,4,1
1,24,13,4,0
0,24,14,1,0
0,24,14,1,1
0,24,14,1,0
0,24,14,1,1
0,24,14,1,1
0,24,14,1,1
0,24,14,1,0
0,24,14,1,0
0,24,14,2,0
0,24,14,2,1
0,24,14,2,1
0,24,14,2,1
0,24,14,2,0
0,24,14,2,0
0,24,14,2,1
0,24,14,2,0
0,24,14,3,1
0,24,14,3,0
0,24,14,3,0
0,24,14,3,0
0,24,14,3,1
0,24,14,3,0
0,24,14,3,1
0,24,14,3,0
0,24,14,4,1
0,24,14,4,1
0,24,14,4,0
0,24,14,4,1
0,24,14,4,0
0,24,14,4,0
0,24,14,4,1
0,24,14,4,1
0,24,14,4,0
1,24,14,1,0
1,24,14,1,1
1,24,14,1,1
1,24,14,1,1
1,24,14,1,1
1,24,14,1,0
1,24,14,1,0
1,24,14,1,1
1,24,14,1,1
1,24,14,2,0
1,24,14,2,0
1,24,14,2,1
1,24,14,2,1
1,24,14,2,1
1,24,14,2,0
1,24,14,2,1
1,24,14,2,1
1,24,14,3,0
1,24,14,3,1
1,24,14,3,1
1,24,14,3,0
1,24,14,3,1
1,24,14,3,1
1,24,14,3,1
1,24,14,3,0
1,24,14,4,0
1,24,14,4,1
1,24,14,4,1
1,24,14,4,1
1,24,14,4,0
1,24,14,4,0
1,24,14,4,1
1,24,14,4,1
0,24,15,1,1
0,24,15,1,0
0,24,15,1,1
0,24,15,1,1
0,24,15,1,0
0,24,15,1,1
0,24,15,1,0
0,24,15,1,1
0,24,15,2,1
0,24,15,2,0
0,24,15,2,0
0,24,15,2,1
0,24,15,2,0
0,24,15,2,1
0,24,15,2,0
0,24,15,2,1
0,24,15,3,0
0,24,15,3,0
0,24,15,3,1
0,24,15,3,0
0,24,15,3,1
0,24,15,3,1
0,24,15,3,0
0,24,15,3,1
0,24,15,3,0
0,24,15,3,1
0,24,15,4,0
0,24,15,4,1
0,24,15,4,1
0,24,15,4,0
0,24,15,4,1
0,24,15,4,1
0,24,15,4,0
0,24,15,4,0
1,24,15,1,1
1,24,15,1,0
1,24,15,1,1
1,24,15,1,1
1,24,15,1,0
1,24,15,1,0
1,24,15,1,1
1,24,15,1,0
1,24,15,2,0
1,24,15,2,0
1,24,15,2,1
1,24,15,2,1
1,24,15,2,1
1,24,15,2,0
1,24,15,2,1
1,24,15,2,1
1,24,15,2,1
1,24,15,3,1
1,24,15,3,0
1,24,15,3,1
1,24,15,3,1
1,24,15,3,0
1,24,15,3,1
1,24,15,3,1
1,24,15,3,0
1,24,15,4,1
1,24,15,4,0
1,24,15,4,1
1,24,15,4,0
1,24,15,4,1
1,24,15,4,1
1,24,15,4,1
1,24,15,4,1
1,24,15,4,0
0,24,16,1,1
0,24,16,1,1
0,24,16,1,0
0,24,16,1,1
0,24,16,1,0
0,24,16,1,0
0,24,16,1,1
0,24,16,2,1
0,24,16,2,1
0,24,16,2,0
0,24,16,2,1
0,24,16,2,0
0,24,16,2,1
0,24,16,2,0
0,24,16,2,1
0,24,16,3,1
0,24,16,3,0
0,24,16,3,1
0,24,16,3,0
0,24,16,3,1
0,24,16,3,1
0,24,16,3,1
0,24,16,3,0
0,24,16,3,1
0,24,16,4,1
0,24,16,4,1
0,24,16,4,0
0,24,16,4,1
0,24,16,4,0
0,24,16,4,0
0,24,16,4,1
0,24,16,4,1
1,24,16,1,0
1,24,16,1,1
1,24,16,1,1
1,24,16,1,0
1,24,16,1,1
1,24,16,1,1
1,24,16,1,1
1,24,16,1,1
1,24,16,1,1
1,24,16,2,1
1,24,16,2,1
1,24,16,2,1
1,24,16,2,1
1,24,16,2,0
1,24,16,2,0
1,24,16,2,1
1,24,16,2,1
1,24,16,3,1
1,24,16,3,0
1,24,16,3,1
1,24,16,3,0
1,24,16,3,1
1,24,16,3,1
1,24,16,3,1
1,24,16,3,0
1,24,16,4,1
1,24,16,4,0
1,24,16,4,1
1,24,16,4,1
1,24,16,4,0
1,24,16,4,1
1,24,16,4,0
1,24,16,4,1
0,24,17,1,0
0,24,17,1,1
0,24,17,1,1
0,24,17,1,1
0,24,17,1,0
0,24,17,1,1
0,24,17,1,1
0,24,17,1,1
0,24,17,2,0
0,24,17,2,0
0,24,17,2,1
0,24,17,2,0
0,24,17,2,1
0,24,17,2,1
0,24,17,2,1
0,24,17,2,0
0,24,17,3,1
0,24,17,3,1
0,24,17,3,0
0,24,17,3,1
0,24,17,3,0
0,24,17,3,1
0,24,17,3,1
0,24,17,3,0
0,24,17,4,0
0,24,17,4,1
0,24,17,4,1
0,24,17,4,1
0,24,17,4,0
0,24,17,4,0
0,24,17,4,1
0,24,17,4,1
1,24,18,1,1
1,24,18,1,1
1,24,18,1,1
1,24,18,1,1
1,24,18,1,1
1,24,18,1,1
1,24,18,1,1
1,24,18,1,1
1,24,18,2,1
1,24,18,2,0
1,24,18,2,0
1,24,18,2,1
1,24,18,2,0
1,24,18,2,1
1,24,18,2,1
1,24,18,2,1
1,24,18,3,1
1,24,18,3,0
1,24,18,3,1
1,24,18,3,1
1,24,18,3,1
1,24,18,3,0
1,24,18,3,1
1,24,18,3,1
1,24,18,4,1
1,24,18,4,1
1,24,18,4,0
1,24,18,4,1
1,24,18,4,1
1,24,18,4,0
1,24,18,4,1
1,24,18,4,0
0,24,19,1,1
0,24,19,1,0
0,24,19,1,1
0,24,19,1,0
0,24,19,1,1
0,24,19,1,0
0,24,19,1,1
0,24,19,1,1
0,24,19,2,0
0,24,19,2,1
0,24,19,2,0
0,24,19,2,1
0,24,19,2,1
0,24,19,2,1
0,24,19,2,0
0,24,19,2,1
0,24,19,3,1
0,24,19,3,0
0,24,19,3,1
0,24,19,3,0
0,24,19,3,1
0,24,19,3,1
0,24,19,3,0
0,24,19,3,1
0,24,19,4,1
0,24,19,4,0
0,24,19,4,1
0,24,19,4,0
0,24,19,4,1
0,24,19,4,0
0,24,19,4,1
0,24,19,4,0
1,24,20,1,0
1,24,20,1,1
1,24,20,1,1
1,24,20,1,1
1,24,20,1,1
1,24,20,1,1
1,24,20,1,1
1,24,20,1,1
1,24,20,2,1
1,24,20,2,0
1,24,20,2,1
1,24,20,2,0
1,24,20,2,1
1,24,20,2,1
1,24,20,2,1
1,24,20,2,1
1,24,20,3,0
1,24,20,3,1
1,24,20,3,1
1,24,20,3,1
1,24,20,3,0
1,24,20,3,1
1,24,20,3,1
1,24,20,3,0
1,24,20,4,1
1,24,20,4,1
1,24,20,4,1
1,24,20,4,1
1,24,20,4,1
1,24,20,4,0
1,24,20,4,1
1,24,20,4,1
0,24,21,1,0
0,24,21,1,1
0,24,21,1,0
0,24,21,1,1
0,24,21,1,0
0,24,21,1,1
0,24,21,1,0
0,24,21,1,1
0,24,21,2,0
0,24,21,2,0
0,24,21,2,1
0,24,21,2,0
0,24,21,2,1
0,24,21,2,0
0,24,21,2,0
0,24,21,2,1
0,24,21,3,1
0,24,21,3,1
0,24,21,3,0
0,24,21,3,0
0,24,21,3,0
0,24,21,3,1
0,24,21,3,0
0,24,21,3,1
0,24,21,4,0
0,24,21,4,1
0,24,21,4,0
0,24,21,4,0
0,24,21,4,1
0,24,21,4,1
0,24,21,4,1
0,24,21,4,0
0,24,21,4,0
1,24,22,1,1
1,24,22,1,1
1,24,22,1,1
1,24,22,1,1
1,24,22,1,0
1,24,22,1,1
1,24,22,1,0
1,24,22,1,1
1,24,22,1,0
1,24,22,2,1
1,24,22,2,1
1,24,22,2,1
1,24,22,2,1
1,24,22,2,0
1,24,22,2,1
1,24,22,2,1
1,24,22,3,1
1,24,22,3,1
1,24,22,3,1
1,24,22,3,1
1,24,22,3,0
1,24,22,3,0
1,24,22,3,1
1,24,22,3,1
1,24,22,4,1
1,24,22,4,1
1,24,22,4,0
1,24,22,4,0
1,24,22,4,1
1,24,22,4,1
1,24,22,4,1
1,24,22,4,1
0,24,23,1,1
0,24,23,1,0
0,24,23,1,1
0,24,23,1,0
0,24,23,1,0
0,24,23,1,0
0,24,23,1,1
0,24,23,1,0
0,24,23,2,1
0,24,23,2,1
0,24,23,2,0
0,24,23,2,0
0,24,23,2,1
0,24,23,2,0
0,24,23,2,0
0,24,23,2,0
0,24,23,3,1
0,24,23,3,0
0,24,23,3,1
0,24,23,3,0
0,24,23,3,1
0,24,23,3,0
0,24,23,3,1
0,24,23,3,0
0,24,23,3,1
0,24,23,4,1
0,24,23,4,0
0,24,23,4,1
0,24,23,4,0
0,24,23,4,0
0,24,23,4,0
0,24,23,4,1
0,24,23,4,1
0,24,25,1,0
0,24,25,1,1
0,24,25,1,0
0,24,25,1,0
0,24,25,1,1
0,24,25,1,0
0,24,25,1,0
0,24,25,1,1
0,24,25,2,0
0,24,25,2,1
0,24,25,2,1
0,24,25,2,0
0,24,25,2,0
0,24,25,2,1
0,24,25,2,0
0,24,25,2,0
0,24,25,4,0
0,24,25,4,1
0,24,25,4,0
0,24,25,4,1
0,24,25,4,0
0,24,25,4,0
0,24,25,4,1
0,24,25,4,0
1,24,25,1,1
1,24,25,1,1
1,24,25,1,1
1,24,25,1,1
1,24,25,1,0
1,24,25,1,0
1,24,25,1,1
1,24,25,1,1
1,24,25,2,0
1,24,25,2,1
1,24,25,2,0
1,24,25,2,0
1,24,25,2,1
1,24,25,2,1
1,24,25,2,1
1,24,25,2,1
1,24,25,3,1
1,24,25,3,0
1,24,25,3,0
1,24,25,3,1
1,24,25,3,1
1,24,25,3,0
1,24,25,3,0
1,24,25,3,1
1,24,25,4,1
1,24,25,4,1
1,24,25,4,0
1,24,25,4,1
1,24,25,4,0
1,24,25,4,1
1,27,8,4,0
1,27,8,1,0
1,27,8,1,0
1,27,8,1,0
1,27,8,1,0
1,27,8,1,0
1,27,8,1,0
1,27,8,1,0
1,27,8,1,0
1,27,8,2,0
1,27,8,2,0
1,27,8,2,0
1,27,8,2,0
1,27,8,2,0
1,27,8,2,0
1,27,8,2,0
1,27,8,2,0
1,27,8,3,0
1,27,8,3,0
1,27,8,3,0
1,27,8,3,0
1,27,8,3,0
1,27,8,3,0
1,27,8,3,0
1,27,8,3,0
1,27,8,4,0
1,27,8,4,0
1,27,8,4,0
1,27,8,4,0
1,27,8,4,0
1,27,8,4,0
1,27,8,4,0
1,27,8,4,0
0,27,9,1,0
0,27,9,1,0
0,27,9,1,0
0,27,9,1,0
0,27,9,1,0
0,27,9,1,0
0,27,9,1,0
0,27,9,1,0
0,27,9,2,0
0,27,9,2,0
0,27,9,2,0
0,27,9,2,0
0,27,9,2,0
0,27,9,2,0
0,27,9,2,0
0,27,9,2,0
0,27,9,3,0
0,27,9,3,0
0,27,9,3,0
0,27,9,3,0
0,27,9,3,0
0,27,9,3,0
0,27,9,3,0
0,27,9,3,0
0,27,9,4,0
0,27,9,4,0
0,27,9,4,0
0,27,9,4,0
0,27,9,4,0
0,27,9,4,0
0,27,9,4,0
0,27,9,4,0
0,27,9,4,0
1,27,9,1,0
1,27,9,1,0
1,27,9,1,0
1,27,9,1,0
1,27,9,1,0
1,27,9,1,0
1,27,9,1,0
1,27,9,2,0
1,27,9,2,0
1,27,9,2,0
1,27,9,2,0
1,27,9,2,0
1,27,9,2,0
1,27,9,2,0
1,27,9,2,0
1,27,9,3,0
1,27,9,3,0
1,27,9,3,0
1,27,9,3,0
1,27,9,3,0
1,27,9,3,0
1,27,9,3,0
1,27,9,3,0
1,27,9,3,0
1,27,9,3,0
1,27,9,4,0
1,27,9,4,0
1,27,9,4,0
1,27,9,4,0
1,27,9,4,0
1,27,9,4,0
1,27,9,4,0
1,27,9,4,0
1,27,9,4,0
0,27,10,1,0
0,27,10,1,0
0,27,10,1,0
0,27,10,1,0
0,27,10,1,0
0,27,10,1,0
0,27,10,1,0
0,27,10,1,0
0,27,10,2,0
0,27,10,2,0
0,27,10,2,0
0,27,10,2,0
0,27,10,2,0
0,27,10,2,0
0,27,10,2,0
0,27,10,2,0
0,27,10,2,0
0,27,10,3,0
0,27,10,3,0
0,27,10,3,0
0,27,10,3,0
0,27,10,3,0
0,27,10,3,0
0,27,10,3,0
0,27,10,3,0
0,27,10,4,0
0,27,10,4,0
0,27,10,4,0
0,27,10,4,0
0,27,10,4,0
0,27,10,4,0
0,27,10,4,0
1,27,10,1,0
1,27,10,1,0
1,27,10,1,0
1,27,10,1,1
1,27,10,1,0
1,27,10,1,0
1,27,10,1,0
1,27,10,1,0
1,27,10,1,0
1,27,10,2,0
1,27,10,2,0
1,27,10,2,0
1,27,10,2,0
1,27,10,2,0
1,27,10,2,0
1,27,10,2,0
1,27,10,2,0
1,27,10,3,0
1,27,10,3,1
1,27,10,3,0
1,27,10,3,0
1,27,10,3,0
1,27,10,3,0
1,27,10,3,0
1,27,10,3,1
1,27,10,3,0
1,27,10,4,0
1,27,10,4,0
1,27,10,4,0
1,27,10,4,0
1,27,10,4,0
1,27,10,4,0
1,27,10,4,0
1,27,10,4,0
0,27,11,1,0
0,27,11,1,1
0,27,11,1,1
0,27,11,1,0
0,27,11,1,0
0,27,11,1,1
0,27,11,1,0
0,27,11,1,1
0,27,11,1,1
0,27,11,2,1
0,27,11,2,0
0,27,11,2,1
0,27,11,2,0
0,27,11,2,0
0,27,11,2,1
0,27,11,2,0
0,27,11,2,1
0,27,11,3,1
0,27,11,3,0
0,27,11,3,1
0,27,11,3,0
0,27,11,3,1
0,27,11,3,1
0,27,11,3,0
0,27,11,3,0
0,27,11,3,1
0,27,11,4,0
0,27,11,4,1
0,27,11,4,0
0,27,11,4,0
0,27,11,4,1
0,27,11,4,1
0,27,11,4,0
0,27,11,4,0
1,27,11,1,0
1,27,11,1,1
1,27,11,1,1
1,27,11,1,1
1,27,11,1,1
1,27,11,1,0
1,27,11,1,1
1,27,11,1,0
1,27,11,2,1
1,27,11,2,1
1,27,11,2,0
1,27,11,2,0
1,27,11,2,1
1,27,11,2,1
1,27,11,2,1
1,27,11,2,0
1,27,11,3,1
1,27,11,3,0
1,27,11,3,0
1,27,11,3,0
1,27,11,3,1
1,27,11,3,1
1,27,11,3,1
1,27,11,3,1
1,27,11,4,0
1,27,11,4,1
1,27,11,4,1
1,27,11,4,1
1,27,11,4,0
1,27,11,4,0
1,27,11,4,1
1,27,11,4,0
0,27,12,1,0
0,27,12,1,1
0,27,12,1,1
0,27,12,1,1
0,27,12,1,0
0,27,12,1,1
0,27,12,1,1
0,27,12,1,0
0,27,12,1,1
0,27,12,2,0
0,27,12,2,0
0,27,12,2,1
0,27,12,2,1
0,27,12,2,0
0,27,12,2,1
0,27,12,2,0
0,27,12,2,1
0,27,12,3,0
0,27,12,3,1
0,27,12,3,1
0,27,12,3,1
0,27,12,3,1
0,27,12,3,0
0,27,12,3,1
0,27,12,3,0
0,27,12,4,1
0,27,12,4,1
0,27,12,4,0
0,27,12,4,1
0,27,12,4,0
0,27,12,4,1
0,27,12,4,0
1,27,12,1,1
1,27,12,1,0
1,27,12,1,1
1,27,12,1,1
1,27,12,1,1
1,27,12,1,0
1,27,12,1,0
1,27,12,1,0
1,27,12,2,1
1,27,12,2,0
1,27,12,2,1
1,27,12,2,0
1,27,12,2,1
1,27,12,2,1
1,27,12,2,1
1,27,12,2,1
1,27,12,3,0
1,27,12,3,1
1,27,12,3,1
1,27,12,3,1
1,27,12,3,1
1,27,12,3,1
1,27,12,3,0
1,27,12,3,1
1,27,12,4,1
1,27,12,4,0
1,27,12,4,0
1,27,12,4,0
1,27,12,4,1
1,27,12,4,1
1,27,12,4,1
1,27,12,4,1
0,27,13,1,1
0,27,13,1,0
0,27,13,1,1
0,27,13,1,0
0,27,13,1,1
0,27,13,1,0
0,27,13,1,0
0,27,13,2,1
0,27,13,2,1
0,27,13,2,0
0,27,13,2,1
0,27,13,2,1
0,27,13,2,0
0,27,13,2,1
0,27,13,3,0
0,27,13,3,0
0,27,13,3,1
0,27,13,3,0
0,27,13,3,0
0,27,13,3,1
0,27,13,3,1
0,27,13,3,1
0,27,13,3,0
0,27,13,4,0
0,27,13,4,1
0,27,13,4,1
0,27,13,4,1
0,27,13,4,0
0,27,13,4,0
0,27,13,4,0
0,27,13,4,1
0,27,13,4,1
1,27,13,1,1
1,27,13,1,0
1,27,13,1,1
1,27,13,1,1
1,27,13,1,1
1,27,13,1,0
1,27,13,1,1
1,27,13,1,1
1,27,13,1,1
1,27,13,2,1
1,27,13,2,1
1,27,13,2,0
1,27,13,2,0
1,27,13,2,1
1,27,13,2,1
1,27,13,2,1
1,27,13,2,1
1,27,13,2,1
1,27,13,3,1
1,27,13,3,1
1,27,13,3,1
1,27,13,3,0
1,27,13,3,1
1,27,13,3,1
1,27,13,3,1
1,27,13,3,0
1,27,13,4,0
1,27,13,4,1
1,27,13,4,0
1,27,13,4,0
1,27,13,4,1
1,27,13,4,1
1,27,13,4,1
1,27,13,4,1
1,27,13,4,1
0,27,14,1,0
0,27,14,1,1
0,27,14,1,0
0,27,14,1,1
0,27,14,1,1
0,27,14,1,0
0,27,14,1,1
0,27,14,1,0
0,27,14,2,0
0,27,14,2,1
0,27,14,2,1
0,27,14,2,1
0,27,14,2,0
0,27,14,2,1
0,27,14,2,0
0,27,14,2,1
0,27,14,3,0
0,27,14,3,1
0,27,14,3,1
0,27,14,3,1
0,27,14,3,0
0,27,14,3,1
0,27,14,3,1
0,27,14,3,0
0,27,14,4,0
0,27,14,4,1
0,27,14,4,0
0,27,14,4,1
0,27,14,4,0
0,27,14,4,1
0,27,14,4,1
0,27,14,4,0
1,27,14,1,1
1,27,14,1,1
1,27,14,1,0
1,27,14,1,0
1,27,14,1,1
1,27,14,1,1
1,27,14,1,1
1,27,14,1,0
1,27,14,2,1
1,27,14,2,0
1,27,14,2,1
1,27,14,2,0
1,27,14,2,1
1,27,14,2,0
1,27,14,2,1
1,27,14,2,1
1,27,14,3,1
1,27,14,3,1
1,27,14,3,0
1,27,14,3,1
1,27,14,3,1
1,27,14,3,1
1,27,14,3,1
1,27,14,3,0
1,27,14,4,1
1,27,14,4,0
1,27,14,4,1
1,27,14,4,1
1,27,14,4,0
1,27,14,4,1
1,27,14,4,0
1,27,14,4,1
0,27,15,1,1
0,27,15,1,0
0,27,15,1,1
0,27,15,1,1
0,27,15,1,0
0,27,15,1,1
0,27,15,1,1
0,27,15,1,1
0,27,15,2,0
0,27,15,2,1
0,27,15,2,1
0,27,15,2,1
0,27,15,2,0
0,27,15,2,0
0,27,15,2,1
0,27,15,2,1
0,27,15,3,0
0,27,15,3,1
0,27,15,3,0
0,27,15,3,1
0,27,15,3,0
0,27,15,3,1
0,27,15,3,0
0,27,15,4,1
0,27,15,4,1
0,27,15,4,0
0,27,15,4,0
0,27,15,4,1
0,27,15,4,0
0,27,15,4,1
0,27,16,1,1
0,27,16,1,0
0,27,16,1,1
0,27,16,1,1
0,27,16,1,0
0,27,16,1,1
0,27,16,1,0
0,27,16,1,1
0,27,16,2,0
0,27,16,2,1
0,27,16,2,0
0,27,16,2,1
0,27,16,2,0
0,27,16,2,1
0,27,16,2,1
0,27,16,2,0
0,27,16,2,0
0,27,16,3,0
0,27,16,3,1
0,27,16,3,0
0,27,16,3,1
0,27,16,3,1
0,27,16,3,1
0,27,16,3,0
0,27,16,3,0
0,27,16,4,0
0,27,16,4,1
0,27,16,4,1
0,27,16,4,0
0,27,16,4,1
0,27,16,4,0
0,27,16,4,1
0,27,16,4,0
1,27,16,1,1
1,27,16,1,0
1,27,16,1,1
1,27,16,1,0
1,27,16,1,1
1,27,16,1,0
1,27,16,1,1
1,27,16,1,0
1,27,16,2,1
1,27,16,2,0
1,27,16,2,1
1,27,16,2,1
1,27,16,2,1
1,27,16,2,0
1,27,16,2,0
1,27,16,2,1
1,27,16,3,1
1,27,16,3,1
1,27,16,3,0
1,27,16,3,1
1,27,16,3,1
1,27,16,3,0
1,27,16,3,0
1,27,16,3,1
1,27,16,4,1
1,27,16,4,1
1,27,16,4,0
1,27,16,4,1
1,27,16,4,0
1,27,16,4,1
1,27,16,4,1
1,27,16,4,1
1,27,16,4,0
0,27,17,1,0
0,27,17,1,1
0,27,17,1,0
0,27,17,1,1
0,27,17,1,1
0,27,17,1,0
0,27,17,1,1
0,27,17,1,1
0,27,17,2,1
0,27,17,2,0
0,27,17,2,1
0,27,17,2,0
0,27,17,2,1
0,27,17,2,1
0,27,17,2,0
0,27,17,2,1
0,27,17,3,0
0,27,17,3,1
0,27,17,3,1
0,27,17,3,0
0,27,17,3,1
0,27,17,3,0
0,27,17,3,1
0,27,17,3,0
0,27,17,4,0
0,27,17,4,1
0,27,17,4,1
0,27,17,4,1
0,27,17,4,0
0,27,17,4,0
0,27,17,4,1
0,27,17,4,1
0,27,18,1,0
0,27,18,1,1
0,27,18,1,1
0,27,18,1,1
0,27,18,1,1
0,27,18,1,0
0,27,18,1,1
0,27,18,1,0
0,27,18,2,1
0,27,18,2,1
0,27,18,2,1
0,27,18,2,0
0,27,18,2,1
0,27,18,2,1
0,27,18,2,0
0,27,18,2,1
0,27,18,3,1
0,27,18,3,0
0,27,18,3,1
0,27,18,3,1
0,27,18,3,0
0,27,18,3,0
0,27,18,3,1
0,27,18,4,1
0,27,18,4,0
0,27,18,4,1
0,27,18,4,1
0,27,18,4,0
0,27,18,4,0
0,27,18,4,1
0,27,18,4,1
0,27,18,4,1
1,27,18,1,1
1,27,18,1,1
1,27,18,1,0
1,27,18,1,0
1,27,18,1,1
1,27,18,1,1
1,27,18,1,1
1,27,18,1,1
1,27,18,1,0
1,27,18,2,1
1,27,18,2,1
1,27,18,2,1
1,27,18,2,1
1,27,18,2,0
1,27,18,2,1
1,27,18,2,1
1,27,18,2,1
1,27,18,3,0
1,27,18,3,0
1,27,18,3,1
1,27,18,3,1
1,27,18,3,1
1,27,18,3,1
1,27,18,3,1
1,27,18,3,0
1,27,18,3,1
1,27,18,4,1
1,27,18,4,0
1,27,18,4,1
1,27,18,4,1
1,27,18,4,1
1,27,18,4,0
1,27,18,4,1
1,27,18,4,0
0,27,20,1,0
0,27,20,1,1
0,27,20,1,1
0,27,20,1,1
0,27,20,1,1
0,27,20,1,0
0,27,20,1,1
0,27,20,1,0
0,27,20,2,1
0,27,20,2,0
0,27,20,2,1
0,27,20,2,1
0,27,20,2,0
0,27,20,2,1
0,27,20,2,1
0,27,20,2,1
0,27,20,3,0
0,27,20,3,0
0,27,20,3,1
0,27,20,3,1
0,27,20,3,1
0,27,20,3,1
0,27,20,3,1
0,27,20,4,0
0,27,20,4,1
0,27,20,4,0
0,27,20,4,0
0,27,20,4,1
0,27,20,4,1
0,27,20,4,0
0,27,20,4,1
1,27,20,1,1
1,27,20,1,1
1,27,20,1,1
1,27,20,1,1
1,27,20,1,0
1,27,20,1,0
1,27,20,1,1
1,27,20,1,0
1,27,20,2,1
1,27,20,2,0
1,27,20,2,1
1,27,20,2,1
1,27,20,2,0
1,27,20,2,1
1,27,20,2,1
1,27,20,2,1
1,27,20,2,0
1,27,20,3,0
1,27,20,3,1
1,27,20,3,1
1,27,20,3,0
1,27,20,3,1
1,27,20,3,1
1,27,20,3,1
1,27,20,4,1
1,27,20,4,0
1,27,20,4,1
1,27,20,4,0
1,27,20,4,0
1,27,20,4,1
1,27,20,4,1
1,27,20,4,1
0,27,22,1,1
0,27,22,1,1
0,27,22,1,0
0,27,22,1,1
0,27,22,1,0
0,27,22,1,0
0,27,22,1,1
0,27,22,2,0
0,27,22,2,1
0,27,22,2,1
0,27,22,2,0
0,27,22,2,0
0,27,22,2,1
0,27,22,2,1
0,27,22,2,1
0,27,22,3,0
0,27,22,3,0
0,27,22,3,0
0,27,22,3,1
0,27,22,3,1
0,27,22,3,0
0,27,22,3,1
0,27,22,3,1
0,27,22,4,0
0,27,22,4,1
0,27,22,4,1
0,27,22,4,1
0,27,22,4,0
0,27,22,4,1
0,27,22,4,1
0,27,22,4,0
1,27,23,1,1
1,27,23,1,1
1,27,23,1,0
1,27,23,1,0
1,27,23,1,0
1,27,23,1,1
1,27,23,1,1
1,27,23,1,1
1,27,23,2,1
1,27,23,2,0
1,27,23,2,1
1,27,23,2,0
1,27,23,2,0
1,27,23,2,1
1,27,23,2,0
1,27,23,2,1
1,27,23,3,1
1,27,23,3,1
1,27,23,3,0
1,27,23,3,1
1,27,23,3,1
1,27,23,3,0
1,27,23,3,1
1,27,23,3,0
1,27,23,3,0
1,27,23,4,1
1,27,23,4,0
1,27,23,4,0
1,27,23,4,0
1,27,23,4,1
1,27,23,4,1
1,27,23,4,1
1,27,23,4,0
0,27,24,2,0
0,27,24,2,1
0,27,24,2,0
0,27,24,2,1
0,27,24,2,0
0,27,24,2,1
0,27,24,2,0
0,27,24,2,0
0,27,24,2,1
0,27,24,3,0
0,27,24,3,1
0,27,24,3,0
0,27,24,3,0
0,27,24,3,1
0,27,24,3,1
0,27,24,3,1
0,27,24,3,0
0,27,24,4,0
0,27,24,4,1
0,27,24,4,0
0,27,24,4,1
0,27,24,4,0
1,27,25,1,0
1,27,25,1,0
1,27,25,1,0
1,27,25,1,1
1,27,25,1,1
1,27,25,1,0
1,27,25,1,0
1,27,25,1,1
1,27,25,1,1
1,27,25,2,0
1,27,25,2,1
1,27,25,2,0
1,27,25,2,0
1,27,25,2,0
1,27,25,2,1
1,27,25,2,0
1,27,25,2,1
1,27,25,2,0
1,27,25,3,0
1,27,25,3,1
1,27,25,3,1
1,27,25,3,1
1,27,25,3,0
1,27,25,3,0
1,27,25,3,1
1,27,25,3,0
1,27,25,4,0
1,27,25,4,0
1,27,25,4,0
1,27,25,4,0
1,27,25,4,1
1,27,25,4,1
1,27,25,4,0
1,27,25,4,1
0,30,6,1,0
0,30,6,1,0
0,30,6,1,0
0,30,6,1,0
0,30,6,1,0
0,30,6,1,0
0,30,6,1,0
0,30,6,1,0
0,30,6,2,0
0,30,6,2,0
0,30,6,2,0
0,30,6,2,0
0,30,6,2,0
0,30,6,2,0
0,30,6,2,0
0,30,6,2,0
0,30,6,2,0
0,30,6,3,0
0,30,6,3,0
0,30,6,3,0
0,30,6,3,0
0,30,6,3,0
0,30,6,3,0
0,30,6,3,0
0,30,6,3,0
0,30,6,3,0
0,30,6,4,0
0,30,6,4,0
0,30,6,4,0
0,30,6,4,0
0,30,6,4,0
0,30,6,4,0
0,30,6,4,0
0,30,6,4,0
0,30,7,1,0
0,30,7,1,0
0,30,7,1,0
0,30,7,1,0
0,30,7,1,0
0,30,7,1,0
0,30,7,1,0
0,30,7,1,0
0,30,7,2,0
0,30,7,2,0
0,30,7,2,0
0,30,7,2,0
0,30,7,2,0
0,30,7,2,0
0,30,7,2,0
0,30,7,3,0
0,30,7,3,0
0,30,7,3,0
0,30,7,3,0
0,30,7,3,0
0,30,7,3,0
0,30,7,3,0
0,30,7,3,0
0,30,7,3,0
0,30,7,4,0
0,30,7,4,0
0,30,7,4,0
0,30,7,4,0
0,30,7,4,0
0,30,7,4,0
0,30,7,4,0
0,30,7,4,0
1,30,7,1,0
1,30,7,1,0
1,30,7,1,0
1,30,7,1,0
1,30,7,1,0
1,30,7,1,0
1,30,7,1,0
1,30,7,1,0
1,30,7,1,0
1,30,7,2,0
1,30,7,2,0
1,30,7,2,0
1,30,7,2,0
1,30,7,2,0
1,30,7,2,0
1,30,7,2,0
1,30,7,2,0
1,30,7,2,0
1,30,7,3,0
1,30,7,3,0
1,30,7,3,0
1,30,7,3,0
1,30,7,3,0
1,30,7,3,0
1,30,7,3,0
1,30,7,3,0
1,30,7,4,0
1,30,7,4,0
1,30,7,4,0
1,30,7,4,0
1,30,7,4,0
1,30,7,4,0
1,30,7,4,0
1,30,7,4,0
0,30,8,1,0
0,30,8,1,0
0,30,8,1,0
0,30,8,1,0
0,30,8,1,0
0,30,8,1,0
0,30,8,1,0
0,30,8,1,0
0,30,8,2,0
0,30,8,2,0
0,30,8,2,0
0,30,8,2,0
0,30,8,2,0
0,30,8,2,0
0,30,8,2,0
0,30,8,2,0
0,30,8,3,0
0,30,8,3,0
0,30,8,3,0
0,30,8,3,0
0,30,8,3,0
0,30,8,3,0
0,30,8,3,1
0,30,8,3,0
0,30,8,4,0
0,30,8,4,0
0,30,8,4,1
0,30,8,4,0
0,30,8,4,0
0,30,8,4,0
0,30,8,4,0
0,30,8,4,0
0,30,8,4,1
1,30,8,1,0
1,30,8,1,0
1,30,8,1,0
1,30,8,1,0
1,30,8,1,0
1,30,8,1,1
1,30,8,1,0
1,30,8,1,0
1,30,8,1,0
1,30,8,1,1
1,30,8,2,0
1,30,8,2,0
1,30,8,2,0
1,30,8,2,0
1,30,8,2,0
1,30,8,2,1
1,30,8,2,0
1,30,8,2,0
1,30,8,3,0
1,30,8,3,0
1,30,8,3,0
1,30,8,3,1
1,30,8,3,1
1,30,8,3,0
1,30,8,3,0
1,30,8,3,0
1,30,8,3,0
1,30,8,3,0
1,30,8,4,0
1,30,8,4,0
1,30,8,4,0
1,30,8,4,0
1,30,8,4,0
1,30,8,4,1
1,30,8,4,0
1,30,8,4,0
0,30,9,1,0
0,30,9,1,0
0,30,9,1,1
0,30,9,1,1
0,30,9,1,0
0,30,9,1,1
0,30,9,1,0
0,30,9,1,0
0,30,9,1,1
0,30,9,2,0
0,30,9,2,0
0,30,9,2,0
0,30,9,2,0
0,30,9,2,0
0,30,9,2,0
0,30,9,2,1
0,30,9,2,1
0,30,9,2,1
0,30,9,3,0
0,30,9,3,1
0,30,9,3,1
0,30,9,3,0
0,30,9,3,0
0,30,9,3,1
0,30,9,3,0
0,30,9,3,1
0,30,9,4,0
0,30,9,4,0
0,30,9,4,1
0,30,9,4,1
0,30,9,4,0
0,30,9,4,0
0,30,9,4,1
0,30,9,4,0
1,30,9,1,1
1,30,9,1,0
1,30,9,1,1
1,30,9,1,0
1,30,9,1,0
1,30,9,1,1
1,30,9,1,0
1,30,9,1,0
1,30,9,1,1
1,30,9,2,0
1,30,9,2,1
1,30,9,2,1
1,30,9,2,0
1,30,9,2,0
1,30,9,2,1
1,30,9,2,0
1,30,9,2,1
1,30,9,3,0
1,30,9,3,0
1,30,9,3,1
1,30,9,3,1
1,30,9,3,0
1,30,9,3,0
1,30,9,3,0
1,30,9,3,0
1,30,9,4,0
1,30,9,4,0
1,30,9,4,0
1,30,9,4,1
1,30,9,4,0
1,30,9,4,0
1,30,9,4,1
1,30,9,4,0
0,30,10,1,0
0,30,10,1,1
0,30,10,1,0
0,30,10,1,0
0,30,10,1,1
0,30,10,1,1
0,30,10,1,0
0,30,10,1,1
0,30,10,1,0
0,30,10,2,0
0,30,10,2,1
0,30,10,2,1
0,30,10,2,0
0,30,10,2,0
0,30,10,2,0
0,30,10,2,1
0,30,10,2,0
0,30,10,2,1
0,30,10,3,0
0,30,10,3,1
0,30,10,3,0
0,30,10,3,1
0,30,10,3,0
0,30,10,3,0
0,30,10,3,0
0,30,10,3,1
0,30,10,3,1
0,30,10,4,0
0,30,10,4,1
0,30,10,4,0
0,30,10,4,0
0,30,10,4,1
0,30,10,4,1
0,30,10,4,0
0,30,10,4,1
1,30,10,1,0
1,30,10,1,1
1,30,10,1,1
1,30,10,1,0
1,30,10,1,0
1,30,10,1,1
1,30,10,1,1
1,30,10,1,0
1,30,10,2,0
1,30,10,2,1
1,30,10,2,0
1,30,10,2,1
1,30,10,2,0
1,30,10,2,1
1,30,10,2,1
1,30,10,2,0
1,30,10,2,0
1,30,10,3,0
1,30,10,3,1
1,30,10,3,0
1,30,10,3,1
1,30,10,3,1
1,30,10,3,0
1,30,10,3,0
1,30,10,3,1
1,30,10,4,0
1,30,10,4,1
1,30,10,4,0
1,30,10,4,1
1,30,10,4,0
1,30,10,4,1
1,30,10,4,1
1,30,10,4,0
0,30,11,1,0
0,30,11,1,0
0,30,11,1,1
0,30,11,1,1
0,30,11,1,0
0,30,11,1,1
0,30,11,1,0
0,30,11,1,1
0,30,11,1,0
0,30,11,2,1
0,30,11,2,0
0,30,11,2,0
0,30,11,2,0
0,30,11,2,0
0,30,11,2,0
0,30,11,2,1
0,30,11,2,1
0,30,11,3,0
0,30,11,3,1
0,30,11,3,1
0,30,11,3,0
0,30,11,3,0
0,30,11,3,0
0,30,11,3,0
0,30,11,3,1
0,30,11,4,0
0,30,11,4,0
0,30,11,4,0
0,30,11,4,1
0,30,11,4,1
0,30,11,4,1
0,30,11,4,0
0,30,11,4,0
0,30,11,4,1
1,30,11,1,0
1,30,11,1,1
1,30,11,1,1
1,30,11,1,0
1,30,11,1,1
1,30,11,1,0
1,30,11,1,0
1,30,11,1,0
1,30,11,2,0
1,30,11,2,1
1,30,11,2,0
1,30,11,2,0
1,30,11,2,1
1,30,11,2,1
1,30,11,2,0
1,30,11,2,1
1,30,11,3,0
1,30,11,3,1
1,30,11,3,0
1,30,11,3,1
1,30,11,3,1
1,30,11,3,0
1,30,11,3,0
1,30,11,3,0
1,30,11,3,1
1,30,11,4,0
1,30,11,4,1
1,30,11,4,0
1,30,11,4,1
1,30,11,4,0
1,30,11,4,0
1,30,11,4,1
1,30,11,4,0
0,30,12,1,0
0,30,12,1,0
0,30,12,1,0
0,30,12,1,1
0,30,12,1,1
0,30,12,1,0
0,30,12,1,1
0,30,12,1,0
0,30,12,2,0
0,30,12,2,1
0,30,12,2,0
0,30,12,2,0
0,30,12,2,0
0,30,12,2,1
0,30,12,2,1
0,30,12,2,0
0,30,12,3,0
0,30,12,3,1
0,30,12,3,1
0,30,12,3,0
0,30,12,3,0
0,30,12,3,0
0,30,12,3,0
0,30,12,3,1
0,30,12,4,0
0,30,12,4,1
0,30,12,4,0
0,30,12,4,1
0,30,12,4,0
0,30,12,4,0
0,30,12,4,1
0,30,12,4,1
1,30,12,1,0
1,30,12,1,0
1,30,12,1,1
1,30,12,1,1
1,30,12,1,0
1,30,12,1,0
1,30,12,1,1
1,30,12,1,1
1,30,12,1,0
1,30,12,2,1
1,30,12,2,0
1,30,12,2,1
1,30,12,2,0
1,30,12,2,1
1,30,12,2,0
1,30,12,2,1
1,30,12,2,0
1,30,12,3,0
1,30,12,3,1
1,30,12,3,0
1,30,12,3,0
1,30,12,3,0
1,30,12,3,1
1,30,12,3,0
1,30,12,3,1
1,30,12,4,1
1,30,12,4,0
1,30,12,4,0
1,30,12,4,1
1,30,12,4,1
1,30,12,4,0
1,30,12,4,0
1,30,12,4,0
0,30,13,1,1
0,30,13,1,0
0,30,13,1,1
0,30,13,1,0
0,30,13,1,0
0,30,13,1,0
0,30,13,1,1
0,30,13,1,1
0,30,13,2,0
0,30,13,2,0
0,30,13,2,0
0,30,13,2,1
0,30,13,2,0
0,30,13,2,1
0,30,13,2,0
0,30,13,2,1
0,30,13,3,0
0,30,13,3,1
0,30,13,3,0
0,30,13,3,0
0,30,13,3,1
0,30,13,3,1
0,30,13,3,0
0,30,13,3,0
0,30,13,4,0
0,30,13,4,1
0,30,13,4,1
0,30,13,4,0
0,30,13,4,0
0,30,13,4,1
0,30,13,4,0
0,30,13,4,1
1,30,13,1,0
1,30,13,1,0
1,30,13,1,0
1,30,13,1,1
1,30,13,1,1
1,30,13,1,0
1,30,13,1,1
1,30,13,1,1
1,30,13,2,0
1,30,13,2,0
1,30,13,2,1
1,30,13,2,1
1,30,13,2,0
1,30,13,2,0
1,30,13,2,0
1,30,13,2,0
1,30,13,3,0
1,30,13,3,0
1,30,13,3,0
1,30,13,3,1
1,30,13,3,0
1,30,13,3,0
1,30,13,3,1
1,30,13,3,0
1,30,13,4,1
1,30,13,4,0
1,30,13,4,0
1,30,13,4,0
1,30,13,4,0
1,30,13,4,1
1,30,13,4,0
1,30,13,4,0
1,30,13,4,1
0,30,14,1,0
0,30,14,1,0
0,30,14,1,1
0,30,14,1,1
0,30,14,1,0
0,30,14,1,1
0,30,14,1,0
0,30,14,1,0
0,30,14,2,0
0,30,14,2,0
0,30,14,2,1
0,30,14,2,0
0,30,14,2,1
0,30,14,2,0
0,30,14,2,0
0,30,14,2,0
0,30,14,3,0
0,30,14,3,0
0,30,14,3,1
0,30,14,3,0
0,30,14,3,1
0,30,14,3,0
0,30,14,3,0
0,30,14,3,0
0,30,14,4,0
0,30,14,4,1
0,30,14,4,0
0,30,14,4,0
0,30,14,4,0
0,30,14,4,0
0,30,14,4,1
0,30,14,4,0
1,30,14,1,0
1,30,14,1,1
1,30,14,1,0
1,30,14,1,0
1,30,14,1,0
1,30,14,1,0
1,30,14,1,1
1,30,14,1,0
1,30,14,2,0
1,30,14,2,0
1,30,14,2,0
1,30,14,2,1
1,30,14,2,0
1,30,14,2,0
1,30,14,2,0
1,30,14,2,0
1,30,14,3,0
1,30,14,3,1
1,30,14,3,0
1,30,14,3,0
1,30,14,3,1
1,30,14,3,0
1,30,14,3,0
1,30,14,3,0
1,30,14,3,0
1,30,14,4,0
1,30,14,4,0
1,30,14,4,0
1,30,14,4,1
1,30,14,4,0
1,30,14,4,0
1,30,14,4,0
1,30,14,4,1
1,30,14,4,0
0,30,15,1,0
0,30,15,1,1
0,30,15,1,0
0,30,15,1,0
0,30,15,1,1
0,30,15,1,1
0,30,15,1,0
0,30,15,1,0
0,30,15,1,1
0,30,15,2,0
0,30,15,2,0
0,30,15,2,0
0,30,15,2,0
0,30,15,2,1
0,30,15,2,1
0,30,15,2,1
0,30,15,2,0
0,30,15,3,0
0,30,15,3,0
0,30,15,3,1
0,30,15,3,1
0,30,15,3,0
0,30,15,3,0
0,30,15,3,1
0,30,15,3,0
0,30,15,4,0
0,30,15,4,0
0,30,15,4,1
0,30,15,4,0
0,30,15,4,0
0,30,15,4,0
0,30,15,4,0
0,30,15,4,1
1,30,15,1,0
1,30,15,1,1
1,30,15,1,0
1,30,15,1,0
1,30,15,1,0
1,30,15,1,1
1,30,15,1,1
1,30,15,1,0
1,30,15,2,0
1,30,15,2,1
1,30,15,2,0
1,30,15,2,0
1,30,15,2,0
1,30,15,2,0
1,30,15,2,1
1,30,15,2,0
1,30,15,3,0
1,30,15,3,1
1,30,15,3,0
1,30,15,3,0
1,30,15,3,1
1,30,15,3,1
1,30,15,3,0
1,30,15,3,0
1,30,15,4,0
1,30,15,4,1
1,30,15,4,0
1,30,15,4,0
1,30,15,4,0
1,30,15,4,0
1,30,15,4,1
1,30,15,4,1
0,30,16,1,1
0,30,16,1,0
0,30,16,1,0
0,30,16,1,0
0,30,16,1,1
0,30,16,1,0
0,30,16,1,0
0,30,16,1,0
0,30,16,2,0
0,30,16,2,0
0,30,16,2,1
0,30,16,2,1
0,30,16,2,0
0,30,16,2,1
0,30,16,2,0
0,30,16,2,0
0,30,16,3,1
0,30,16,3,0
0,30,16,3,0
0,30,16,3,0
0,30,16,3,1
0,30,16,3,0
0,30,16,3,0
0,30,16,3,0
0,30,16,3,0
0,30,16,4,0
0,30,16,4,1
0,30,16,4,0
0,30,16,4,0
0,30,16,4,0
0,30,16,4,0
0,30,16,4,0
0,30,17,3,0
0,30,17,3,1
0,30,17,3,0
0,30,17,3,0
0,30,17,3,0
0,30,17,3,1
0,30,17,3,0
0,30,17,4,0
0,30,17,4,1
0,30,17,4,0
0,30,17,4,1
0,30,17,4,0
0,30,17,4,0
0,30,17,4,0
1,30,17,1,0
1,30,17,1,1
1,30,17,1,0
1,30,17,1,0
1,30,17,1,0
1,30,17,1,1
1,30,17,1,1
1,30,17,1,0
1,30,17,2,0
1,30,17,2,1
1,30,17,2,0
1,30,17,2,0
1,30,17,2,1
1,30,17,2,0
1,30,17,2,0
1,30,17,2,0
1,30,17,3,0
1,30,17,3,0
1,30,17,3,1
1,30,17,3,0
1,30,17,3,0
1,30,17,3,0
1,30,17,3,1
1,30,17,3,0
1,30,17,3,1
1,30,17,4,0
1,30,17,4,0
1,30,17,4,0
1,30,17,4,0
1,30,17,4,1
1,30,17,4,0
1,30,17,4,1
1,30,17,4,0
1,30,17,4,0
1,30,19,1,0
1,30,19,1,0
1,30,19,1,0
1,30,19,1,0
1,30,19,1,0
1,30,19,1,0
1,30,19,1,1
1,30,19,1,0
1,30,19,2,0
1,30,19,2,0
1,30,19,2,1
1,30,19,2,0
1,30,19,2,0
1,30,19,2,0
1,30,19,2,1
1,30,19,2,0
1,30,19,3,0
1,30,19,3,0
1,30,19,3,0
1,30,19,3,0
1,30,19,3,0
1,30,19,3,0
1,30,19,3,1
0,32,4,1,0
0,32,4,1,0
0,32,4,1,0
0,32,4,1,0
0,32,4,1,0
0,32,4,1,0
0,32,4,1,0
0,32,4,1,0
0,32,4,1,0
0,32,4,2,0
0,32,4,2,0
0,32,4,2,0
0,32,4,2,0
0,32,4,2,0
0,32,4,2,0
0,32,4,2,0
0,32,4,2,0
0,32,4,2,0
0,32,4,2,0
0,32,4,2,0
0,32,4,3,0
0,32,4,3,0
0,32,4,3,0
0,32,4,3,0
0,32,4,3,0
0,32,4,3,0
0,32,4,3,0
0,32,4,3,0
0,32,4,4,0
0,32,4,4,0
0,32,4,4,0
0,32,4,4,0
0,32,4,4,0
0,32,4,4,0
0,32,4,4,0
0,32,4,4,0
0,32,5,1,0
0,32,5,1,0
0,32,5,1,0
0,32,5,1,0
0,32,5,1,0
0,32,5,1,0
0,32,5,1,0
0,32,5,1,0
0,32,5,2,0
0,32,5,2,0
0,32,5,2,0
0,32,5,2,0
0,32,5,2,0
0,32,5,2,0
0,32,5,2,0
0,32,5,2,0
0,32,5,2,0
0,32,5,3,0
0,32,5,3,0
0,32,5,3,0
0,32,5,3,0
0,32,5,3,0
0,32,5,3,0
0,32,5,3,0
0,32,5,3,0
0,32,5,4,0
0,32,5,4,0
0,32,5,4,0
0,32,5,4,0
0,32,5,4,0
0,32,5,4,0
0,32,6,1,0
0,32,6,1,0
0,32,6,1,0
0,32,6,1,0
0,32,6,1,0
0,32,6,1,0
0,32,6,1,0
0,32,6,1,0
0,32,6,2,0
0,32,6,2,0
0,32,6,2,0
0,32,6,2,0
0,32,6,2,0
0,32,6,2,0
0,32,6,2,0
0,32,6,2,0
0,32,6,3,0
0,32,6,3,0
0,32,6,3,0
0,32,6,3,0
0,32,6,3,0
0,32,6,3,0
0,32,6,3,0
0,32,6,3,0
0,32,6,3,0
0,32,6,4,0
0,32,6,4,0
0,32,6,4,0
0,32,6,4,0
0,32,6,4,0
0,32,6,4,0
0,32,6,4,0
1,32,6,1,0
1,32,6,1,0
1,32,6,1,0
1,32,6,1,0
1,32,6,1,0
1,32,6,1,0
1,32,6,1,0
1,32,6,1,0
1,32,6,1,0
1,32,6,2,0
1,32,6,2,0
1,32,6,2,0
1,32,6,2,0
1,32,6,2,0
1,32,6,2,0
1,32,6,2,0
1,32,6,2,0
1,32,6,3,0
1,32,6,3,0
1,32,6,3,0
1,32,6,3,0
1,32,6,3,0
1,32,6,3,0
1,32,6,3,0
1,32,6,3,0
1,32,6,4,0
1,32,6,4,0
1,32,6,4,0
1,32,6,4,0
1,32,6,4,0
1,32,6,4,0
1,32,6,4,0
1,32,6,4,0
1,32,6,4,0
0,32,7,1,0
0,32,7,1,0
0,32,7,1,0
0,32,7,1,0
0,32,7,1,0
0,32,7,1,0
0,32,7,1,0
0,32,7,1,0
0,32,7,2,0
0,32,7,2,0
0,32,7,2,0
0,32,7,2,1
0,32,7,2,0
0,32,7,2,0
0,32,7,2,0
0,32,7,2,0
0,32,7,3,0
0,32,7,3,0
0,32,7,3,0
0,32,7,3,0
0,32,7,3,0
0,32,7,3,0
0,32,7,3,0
0,32,7,3,1
0,32,7,4,0
0,32,7,4,0
0,32,7,4,0
0,32,7,4,0
0,32,7,4,0
0,32,7,4,1
0,32,7,4,0
0,32,7,4,0
1,32,7,1,0
1,32,7,1,0
1,32,7,1,0
1,32,7,1,0
1,32,7,1,0
1,32,7,1,0
1,32,7,1,0
1,32,7,1,0
1,32,7,2,0
1,32,7,2,0
1,32,7,2,0
1,32,7,2,0
1,32,7,2,0
1,32,7,2,0
1,32,7,2,0
1,32,7,2,0
1,32,7,3,0
1,32,7,3,0
1,32,7,3,0
1,32,7,3,0
1,32,7,3,0
1,32,7,3,1
1,32,7,3,0
1,32,7,3,0
1,32,7,4,0
1,32,7,4,0
1,32,7,4,0
1,32,7,4,0
1,32,7,4,0
1,32,7,4,0
1,32,7,4,0
1,32,7,4,0
0,32,8,1,1
0,32,8,1,0
0,32,8,1,1
0,32,8,1,0
0,32,8,1,0
0,32,8,1,0
0,32,8,1,0
0,32,8,1,0
0,32,8,2,0
0,32,8,2,1
0,32,8,2,0
0,32,8,2,0
0,32,8,2,0
0,32,8,2,1
0,32,8,2,1
0,32,8,2,0
0,32,8,3,0
0,32,8,3,1
0,32,8,3,0
0,32,8,3,0
0,32,8,3,0
0,32,8,3,0
0,32,8,3,0
0,32,8,3,0
0,32,8,4,0
0,32,8,4,0
0,32,8,4,1
0,32,8,4,0
0,32,8,4,0
0,32,8,4,0
0,32,8,4,0
0,32,8,4,1
1,32,8,1,0
1,32,8,1,1
1,32,8,1,1
1,32,8,1,0
1,32,8,1,0
1,32,8,1,0
1,32,8,1,1
1,32,8,1,0
1,32,8,2,0
1,32,8,2,0
1,32,8,2,1
1,32,8,2,0
1,32,8,2,0
1,32,8,2,0
1,32,8,2,0
1,32,8,2,1
1,32,8,2,1
1,32,8,3,0
1,32,8,3,0
1,32,8,3,0
1,32,8,3,1
1,32,8,3,0
1,32,8,3,0
1,32,8,3,1
1,32,8,3,0
1,32,8,4,0
1,32,8,4,0
1,32,8,4,0
1,32,8,4,1
1,32,8,4,0
1,32,8,4,1
1,32,8,4,1
1,32,8,4,0
1,32,8,4,0
0,32,9,1,0
0,32,9,1,1
0,32,9,1,0
0,32,9,1,1
0,32,9,1,1
0,32,9,1,0
0,32,9,2,0
0,32,9,2,1
0,32,9,2,0
0,32,9,2,1
0,32,9,2,1
0,32,9,2,0
0,32,9,2,0
0,32,9,2,1
0,32,9,3,0
0,32,9,3,1
0,32,9,3,1
0,32,9,3,0
0,32,9,3,0
0,32,9,3,1
0,32,9,3,0
0,32,9,4,1
0,32,9,4,0
0,32,9,4,1
0,32,9,4,0
0,32,9,4,0
0,32,9,4,0
0,32,9,4,1
0,32,9,4,0
0,32,9,4,1
1,32,9,1,0
1,32,9,1,1
1,32,9,1,1
1,32,9,1,0
1,32,9,1,1
1,32,9,1,0
1,32,9,1,0
1,32,9,1,1
1,32,9,2,0
1,32,9,2,1
1,32,9,2,0
1,32,9,2,1
1,32,9,2,0
1,32,9,2,1
1,32,9,2,0
1,32,9,2,0
1,32,9,2,1
1,32,9,3,0
1,32,9,3,1
1,32,9,3,0
1,32,9,3,1
1,32,9,3,1
1,32,9,3,0
1,32,9,3,0
1,32,9,3,1
1,32,9,4,0
1,32,9,4,1
1,32,9,4,0
1,32,9,4,0
1,32,9,4,1
1,32,9,4,1
1,32,9,4,1
1,32,9,4,0
0,32,10,1,0
0,32,10,1,0
0,32,10,1,1
0,32,10,1,1
0,32,10,1,1
0,32,10,1,0
0,32,10,1,0
0,32,10,1,1
0,32,10,2,0
0,32,10,2,1
0,32,10,2,0
0,32,10,2,1
0,32,10,2,1
0,32,10,2,0
0,32,10,2,0
0,32,10,2,0
0,32,10,3,0
0,32,10,3,1
0,32,10,3,0
0,32,10,3,1
0,32,10,3,1
0,32,10,3,0
0,32,10,3,0
0,32,10,3,0
0,32,10,3,1
0,32,10,4,0
0,32,10,4,1
0,32,10,4,0
0,32,10,4,1
0,32,10,4,0
0,32,10,4,0
0,32,10,4,0
1,32,10,1,0
1,32,10,1,1
1,32,10,1,0
1,32,10,1,0
1,32,10,1,0
1,32,10,1,1
1,32,10,1,1
1,32,10,1,0
1,32,10,2,0
1,32,10,2,1
1,32,10,2,1
1,32,10,2,0
1,32,10,2,0
1,32,10,2,0
1,32,10,2,1
1,32,10,2,0
1,32,10,3,0
1,32,10,3,1
1,32,10,3,0
1,32,10,3,1
1,32,10,3,0
1,32,10,3,1
1,32,10,3,0
1,32,10,3,1
1,32,10,4,0
1,32,10,4,1
1,32,10,4,0
1,32,10,4,0
1,32,10,4,1
1,32,10,4,0
1,32,10,4,0
0,32,11,1,0
0,32,11,1,1
0,32,11,1,0
0,32,11,1,0
0,32,11,1,1
0,32,11,1,0
0,32,11,1,1
0,32,11,1,0
0,32,11,1,0
0,32,11,2,0
0,32,11,2,0
0,32,11,2,0
0,32,11,2,1
0,32,11,2,1
0,32,11,2,0
0,32,11,2,0
0,32,11,2,0
0,32,11,3,1
0,32,11,3,0
0,32,11,3,1
0,32,11,3,0
0,32,11,3,0
0,32,11,3,0
0,32,11,3,0
0,32,11,3,1
1,32,11,1,0
1,32,11,1,0
1,32,11,1,0
1,32,11,1,1
1,32,11,1,0
1,32,11,1,1
1,32,11,1,1
1,32,11,1,0
1,32,11,2,1
1,32,11,2,0
1,32,11,2,1
1,32,11,2,0
1,32,11,2,1
1,32,11,2,0
1,32,11,2,0
1,32,11,2,1
1,32,11,2,0
1,32,11,3,0
1,32,11,3,1
1,32,11,3,0
1,32,11,3,0
1,32,11,3,0
1,32,11,3,1
1,32,11,3,1
1,32,11,3,0
1,32,11,4,0
1,32,11,4,0
1,32,11,4,0
1,32,11,4,1
1,32,11,4,0
1,32,11,4,0
1,32,11,4,1
0,32,12,1,0
0,32,12,1,0
0,32,12,1,1
0,32,12,1,1
0,32,12,1,0
0,32,12,1,1
0,32,12,1,0
0,32,12,1,0
0,32,12,2,0
0,32,12,2,1
0,32,12,2,1
0,32,12,2,0
0,32,12,2,1
0,32,12,2,1
0,32,12,2,0
0,32,12,2,0
0,32,12,3,0
0,32,12,3,0
0,32,12,3,1
0,32,12,3,1
0,32,12,3,1
0,32,12,3,0
0,32,12,3,0
0,32,12,3,0
1,32,12,1,0
1,32,12,1,0
1,32,12,1,1
1,32,12,1,0
1,32,12,1,0
1,32,12,1,1
1,32,12,1,0
1,32,12,1,0
1,32,12,2,0
1,32,12,2,0
1,32,12,2,0
1,32,12,2,0
1,32,12,2,1
1,32,12,2,1
1,32,12,2,0
1,32,12,2,0
1,32,12,3,1
1,32,12,3,0
1,32,12,3,0
1,32,12,3,0
1,32,12,3,0
1,32,12,3,0
1,32,12,3,0
1,32,12,3,1
1,32,12,4,0
1,32,12,4,0
1,32,12,4,0
1,32,12,4,1
1,32,12,4,0
1,32,12,4,1
1,32,12,4,0
1,32,12,4,0
0,32,13,1,0
0,32,13,1,1
0,32,13,1,1
0,32,13,1,0
0,32,13,1,0
0,32,13,1,0
0,32,13,1,0
0,32,13,1,1
0,32,13,2,0
0,32,13,2,0
0,32,13,2,0
0,32,13,2,1
0,32,13,2,0
0,32,13,2,0
0,32,13,2,1
0,32,13,2,0
0,32,13,3,0
0,32,13,3,0
0,32,13,3,1
0,32,13,3,1
0,32,13,3,0
0,32,13,3,0
0,32,13,3,0
0,32,13,3,0
1,32,13,1,0
1,32,13,1,1
1,32,13,1,0
1,32,13,1,0
1,32,13,1,0
1,32,13,1,0
1,32,13,1,1
1,32,13,1,0
1,32,13,2,0
1,32,13,2,0
1,32,13,2,0
1,32,13,2,0
1,32,13,2,1
1,32,13,2,0
1,32,13,2,0
1,32,13,2,1
1,32,13,3,0
1,32,13,3,0
1,32,13,3,1
1,32,13,3,1
1,32,13,3,0
1,32,13,3,0
1,32,13,3,0
1,32,13,3,0
1,32,13,4,0
1,32,13,4,1
1,32,13,4,0
1,32,13,4,0
1,32,13,4,0
1,32,13,4,0
1,32,13,4,0
1,32,13,4,0
0,32,14,1,0
0,32,14,1,0
0,32,14,1,1
0,32,14,1,0
0,32,14,1,1
0,32,14,1,0
0,32,14,1,0
0,32,14,1,0
0,32,14,2,0
0,32,14,2,1
0,32,14,2,0
0,32,14,2,0
0,32,14,2,0
0,32,14,2,0
0,32,14,2,1
0,32,14,2,0
0,32,14,2,0
0,32,14,3,0
0,32,14,3,1
0,32,14,3,0
0,32,14,3,0
0,32,14,3,0
0,32,14,3,0
0,32,14,3,1
0,32,14,3,1
0,32,14,3,0
1,32,14,1,0
1,32,14,1,0
1,32,14,1,0
1,32,14,1,0
1,32,14,1,0
1,32,14,1,0
1,32,14,1,1
1,32,14,1,0
1,32,14,2,1
1,32,14,2,0
1,32,14,2,0
1,32,14,2,0
1,32,14,2,0
1,32,14,2,0
1,32,14,2,0
1,32,14,2,0
1,32,14,3,0
1,32,14,3,0
1,32,14,3,0
1,32,14,3,0
1,32,14,3,0
1,32,14,3,0
1,32,14,3,0
1,32,14,3,0
1,32,14,4,0
1,32,14,4,0
1,32,14,4,0
1,32,14,4,0
1,32,14,4,1
1,32,14,4,0
1,32,14,4,0
0,32,15,1,0
0,32,15,1,0
0,32,15,1,0
0,32,15,1,0
0,32,15,1,0
0,32,15,1,1
0,32,15,1,0
0,32,15,1,0
0,32,15,2,1
0,32,15,2,0
0,32,15,2,0
0,32,15,2,0
0,32,15,2,0
0,32,15,2,0
0,32,15,2,0
0,32,15,2,1
1,32,15,1,0
1,32,15,1,0
1,32,15,1,0
1,32,15,1,0
1,32,15,1,0
1,32,15,1,0
1,32,15,1,1
1,32,15,1,0
1,32,15,2,0
1,32,15,2,0
1,32,15,2,0
1,32,15,2,0
1,32,15,2,1
1,32,15,2,0
1,32,15,2,0
1,32,15,2,0
1,32,15,3,0
1,32,15,3,1
1,32,15,3,0
1,32,15,3,0
1,32,15,3,1
1,32,15,3,0
1,32,15,3,0
1,32,15,3,0
1,32,15,4,0
1,32,15,4,0
1,32,15,4,0
1,32,15,4,0
1,32,15,4,0
1,32,15,4,1
1,32,15,4,0
1,32,15,4,0
1,32,17,1,0
1,32,17,1,0
1,32,17,1,0
1,32,17,1,0
1,32,17,1,1
1,32,17,1,0
1,32,17,1,0
1,32,17,1,0
1,32,17,2,0
1,32,17,2,0
1,32,17,2,0
1,32,17,2,0
1,32,17,2,0
1,32,17,2,0
1,32,17,2,0
1,32,17,2,0
1,32,17,2,0
1,32,17,3,0
1,32,17,3,1
1,32,17,3,0
1,32,17,3,0
1,32,17,3,0
1,32,17,3,0
1,32,17,3,0
1,32,17,3,1
1,32,17,4,0
1,32,17,4,0
1,32,17,4,0
1,32,17,4,0
1,32,17,4,0
1,32,17,4,0
1,32,17,4,0
1,32,17,4,0
1,32,19,1,0
1,32,19,1,0
1,32,19,1,0
1,32,19,1,0
1,32,19,1,0
1,32,19,1,0
1,32,19,1,0
1,32,19,1,0
1,32,19,3,0
1,32,19,3,0
1,32,19,3,0
1,32,19,3,0
1,32,19,3,0
1,32,19,3,1
1,32,19,3,0
1,32,19,3,0
1,32,19,4,0
1,32,19,4,1
1,32,19,4,0
1,32,19,4,0
1,32,19,4,0
1,32,19,4,0
1,32,19,4,0
1,32,19,4,0
1,32,19,4,0
0,34,4,1,0
0,34,4,1,0
0,34,4,1,0
0,34,4,1,0
0,34,4,1,0
0,34,4,1,0
0,34,4,1,0
0,34,4,1,0
0,34,4,1,0
0,34,4,2,0
0,34,4,2,0
0,34,4,2,0
0,34,4,2,0
0,34,4,2,0
0,34,4,2,0
0,34,4,2,0
0,34,4,2,0
0,34,4,3,0
0,34,4,3,0
0,34,4,3,0
0,34,4,3,0
0,34,4,3,0
0,34,4,3,0
0,34,4,3,0
0,34,4,3,0
0,34,4,4,0
0,34,4,4,0
0,34,4,4,0
0,34,4,4,0
0,34,4,4,0
0,34,4,4,0
0,34,4,4,0
0,34,4,4,0
0,34,4,4,0
0,34,5,1,0
0,34,5,1,0
0,34,5,1,0
0,34,5,1,0
0,34,5,1,0
0,34,5,1,0
0,34,5,1,0
0,34,5,1,0
0,34,5,1,0
0,34,5,2,0
0,34,5,2,0
0,34,5,2,0
0,34,5,2,0
0,34,5,2,0
0,34,5,2,0
0,34,5,2,0
0,34,5,2,0
0,34,5,3,0
0,34,5,3,0
0,34,5,3,0
0,34,5,3,0
0,34,5,3,0
0,34,5,3,0
0,34,5,4,0
0,34,5,4,0
0,34,5,4,0
0,34,5,4,0
0,34,5,4,0
0,34,5,4,0
0,34,5,4,0
0,34,5,4,0
1,34,5,1,0
1,34,5,1,0
1,34,5,1,0
1,34,5,1,0
1,34,5,1,0
1,34,5,1,0
1,34,5,1,0
1,34,5,1,0
1,34,5,2,0
1,34,5,2,0
1,34,5,2,0
1,34,5,2,0
1,34,5,2,0
1,34,5,2,0
1,34,5,2,0
1,34,5,2,0
1,34,5,3,0
1,34,5,3,0
1,34,5,3,0
1,34,5,3,0
1,34,5,3,0
1,34,5,3,0
1,34,5,3,0
1,34,5,3,0
1,34,5,3,0
1,34,5,4,0
1,34,5,4,0
1,34,5,4,0
1,34,5,4,0
1,34,5,4,0
1,34,5,4,0
1,34,5,4,0
1,34,5,4,0
0,34,6,1,0
0,34,6,1,0
0,34,6,1,0
0,34,6,1,0
0,34,6,1,0
0,34,6,1,0
0,34,6,1,0
0,34,6,1,0
0,34,6,2,0
0,34,6,2,0
0,34,6,2,0
0,34,6,2,0
0,34,6,2,0
0,34,6,2,0
0,34,6,2,0
0,34,6,2,0
0,34,6,3,0
0,34,6,3,0
0,34,6,3,0
0,34,6,3,0
0,34,6,3,0
0,34,6,3,0
0,34,6,3,0
0,34,6,3,0
0,34,6,4,0
0,34,6,4,0
0,34,6,4,0
0,34,6,4,0
0,34,6,4,0
0,34,6,4,0
0,34,6,4,0
0,34,6,4,0
1,34,6,1,0
1,34,6,1,0
1,34,6,1,0
1,34,6,1,0
1,34,6,1,0
1,34,6,1,0
1,34,6,1,0
1,34,6,1,0
1,34,6,2,0
1,34,6,2,0
1,34,6,2,0
1,34,6,2,0
1,34,6,2,0
1,34,6,2,0
1,34,6,2,0
1,34,6,2,0
1,34,6,3,0
1,34,6,3,0
1,34,6,3,0
1,34,6,3,0
1,34,6,3,0
1,34,6,3,0
1,34,6,3,0
1,34,6,3,0
1,34,6,3,0
1,34,6,4,0
1,34,6,4,0
1,34,6,4,0
1,34,6,4,0
1,34,6,4,0
1,34,6,4,0
1,34,6,4,0
1,34,6,4,0
0,34,7,1,0
0,34,7,1,0
0,34,7,1,0
0,34,7,1,0
0,34,7,1,1
0,34,7,1,0
0,34,7,1,1
0,34,7,1,0
0,34,7,2,0
0,34,7,2,0
0,34,7,2,1
0,34,7,2,0
0,34,7,2,1
0,34,7,2,0
0,34,7,2,0
0,34,7,2,0
0,34,7,3,1
0,34,7,3,0
0,34,7,3,0
0,34,7,3,0
0,34,7,3,0
0,34,7,3,0
0,34,7,3,1
0,34,7,4,1
0,34,7,4,0
0,34,7,4,0
0,34,7,4,0
0,34,7,4,0
0,34,7,4,0
0,34,7,4,1
0,34,7,4,0
0,34,7,4,0
1,34,7,1,0
1,34,7,1,0
1,34,7,1,1
1,34,7,1,0
1,34,7,1,0
1,34,7,1,0
1,34,7,1,1
1,34,7,1,0
1,34,7,2,0
1,34,7,2,0
1,34,7,2,0
1,34,7,2,0
1,34,7,2,0
1,34,7,2,0
1,34,7,2,1
1,34,7,2,0
1,34,7,3,0
1,34,7,3,0
1,34,7,3,0
1,34,7,3,1
1,34,7,3,0
1,34,7,3,0
1,34,7,3,0
1,34,7,3,0
1,34,7,4,1
1,34,7,4,0
1,34,7,4,0
1,34,7,4,0
1,34,7,4,0
1,34,7,4,1
1,34,7,4,0
1,34,7,4,0
0,34,8,1,0
0,34,8,1,0
0,34,8,1,1
0,34,8,1,1
0,34,8,1,0
0,34,8,1,0
0,34,8,1,0
0,34,8,1,0
0,34,8,1,0
0,34,8,2,0
0,34,8,2,0
0,34,8,2,0
0,34,8,2,1
0,34,8,2,0
0,34,8,2,0
0,34,8,2,0
0,34,8,2,1
0,34,8,2,0
0,34,8,3,0
0,34,8,3,0
0,34,8,3,1
0,34,8,3,0
0,34,8,3,0
0,34,8,3,1
0,34,8,3,0
0,34,8,3,1
0,34,8,4,1
0,34,8,4,0
0,34,8,4,1
0,34,8,4,0
0,34,8,4,0
0,34,8,4,0
0,34,8,4,1
0,34,8,4,0
1,34,8,1,0
1,34,8,1,1
1,34,8,1,0
1,34,8,1,0
1,34,8,1,1
1,34,8,1,1
1,34,8,1,0
1,34,8,1,1
1,34,8,2,0
1,34,8,2,1
1,34,8,2,0
1,34,8,2,1
1,34,8,2,1
1,34,8,2,0
1,34,8,2,0
1,34,8,2,0
1,34,8,3,0
1,34,8,3,0
1,34,8,3,1
1,34,8,3,0
1,34,8,3,1
1,34,8,3,1
1,34,8,3,0
1,34,8,3,1
1,34,8,4,0
1,34,8,4,0
1,34,8,4,1
1,34,8,4,0
1,34,8,4,1
1,34,8,4,1
1,34,8,4,0
1,34,8,4,0
0,34,9,1,0
0,34,9,1,0
0,34,9,1,1
0,34,9,1,0
0,34,9,1,1
0,34,9,1,1
0,34,9,1,0
0,34,9,1,0
0,34,9,1,0
0,34,9,2,0
0,34,9,2,1
0,34,9,2,0
0,34,9,2,0
0,34,9,2,1
0,34,9,2,1
0,34,9,2,0
0,34,9,2,0
0,34,9,3,0
0,34,9,3,1
0,34,9,3,0
0,34,9,3,1
0,34,9,3,0
0,34,9,3,0
0,34,9,3,1
0,34,9,3,0
0,34,9,4,0
0,34,9,4,0
0,34,9,4,1
0,34,9,4,0
0,34,9,4,1
0,34,9,4,1
0,34,9,4,0
0,34,9,4,0
1,34,9,1,0
1,34,9,1,1
1,34,9,1,0
1,34,9,1,0
1,34,9,1,1
1,34,9,1,0
1,34,9,1,0
1,34,9,1,0
1,34,9,2,0
1,34,9,2,0
1,34,9,2,0
1,34,9,2,1
1,34,9,2,1
1,34,9,2,0
1,34,9,2,1
1,34,9,2,0
1,34,9,2,0
1,34,9,3,1
1,34,9,3,0
1,34,9,3,0
1,34,9,3,0
1,34,9,3,0
1,34,9,3,0
1,34,9,3,1
1,34,9,3,0
1,34,9,4,0
1,34,9,4,1
1,34,9,4,0
1,34,9,4,1
1,34,9,4,1
1,34,9,4,0
1,34,9,4,0
1,34,9,4,1
0,34,10,1,0
0,34,10,1,0
0,34,10,1,0
0,34,10,1,1
0,34,10,1,0
0,34,10,1,0
0,34,10,1,0
0,34,10,1,1
0,34,10,2,0
0,34,10,2,0
0,34,10,2,0
0,34,10,2,1
0,34,10,2,1
0,34,10,2,0
0,34,10,2,1
0,34,10,2,0
0,34,10,3,1
0,34,10,3,0
0,34,10,3,0
0,34,10,3,0
0,34,10,3,0
0,34,10,3,1
0,34,10,3,1
0,34,10,3,0
0,34,10,3,0
0,34,10,4,0
0,34,10,4,0
0,34,10,4,0
0,34,10,4,1
0,34,10,4,0
0,34,10,4,1
0,34,10,4,0
0,34,10,4,0
0,34,10,4,1
1,34,10,1,0
1,34,10,1,0
1,34,10,1,1
1,34,10,1,0
1,34,10,1,1
1,34,10,1,0
1,34,10,1,0
1,34,10,1,0
1,34,10,1,0
1,34,10,2,0
1,34,10,2,1
1,34,10,2,0
1,34,10,2,1
1,34,10,2,1
1,34,10,2,0
1,34,10,2,0
1,34,10,2,0
1,34,10,3,0
1,34,10,3,1
1,34,10,3,0
1,34,10,3,1
1,34,10,3,0
1,34,10,3,0
1,34,10,3,0
1,34,10,3,1
1,34,10,4,0
1,34,10,4,0
1,34,10,4,1
1,34,10,4,1
1,34,10,4,0
1,34,10,4,0
1,34,10,4,1
1,34,10,4,0
0,34,11,1,0
0,34,11,1,0
0,34,11,1,0
0,34,11,1,0
0,34,11,1,1
0,34,11,1,1
0,34,11,1,0
0,34,11,1,1
0,34,11,2,0
0,34,11,2,0
0,34,11,2,1
0,34,11,2,0
0,34,11,2,0
0,34,11,2,0
0,34,11,2,0
0,34,11,2,1
0,34,11,3,0
0,34,11,3,1
0,34,11,3,1
0,34,11,3,0
0,34,11,3,0
0,34,11,3,1
0,34,11,3,0
0,34,11,3,0
0,34,11,3,1
0,34,11,4,0
0,34,11,4,0
0,34,11,4,1
0,34,11,4,0
0,34,11,4,1
0,34,11,4,0
0,34,11,4,0
0,34,11,4,0
0,34,11,4,1
1,34,11,1,0
1,34,11,1,0
1,34,11,1,0
1,34,11,1,0
1,34,11,1,1
1,34,11,1,1
1,34,11,1,0
1,34,11,1,0
1,34,11,2,0
1,34,11,2,1
1,34,11,2,0
1,34,11,2,0
1,34,11,2,0
1,34,11,2,1
1,34,11,2,0
1,34,11,2,0
1,34,11,3,0
1,34,11,3,0
1,34,11,3,0
1,34,11,3,0
1,34,11,3,1
1,34,11,3,0
1,34,11,3,0
1,34,11,3,0
1,34,11,4,1
1,34,11,4,0
1,34,11,4,0
1,34,11,4,0
1,34,11,4,1
1,34,11,4,0
1,34,11,4,0
1,34,11,4,0
0,34,12,1,0
0,34,12,1,0
0,34,12,1,0
0,34,12,1,0
0,34,12,1,0
0,34,12,1,1
0,34,12,1,1
0,34,12,1,0
0,34,12,2,0
0,34,12,2,1
0,34,12,2,0
0,34,12,2,0
0,34,12,2,0
0,34,12,2,0
0,34,12,2,1
0,34,12,2,0
0,34,12,3,0
0,34,12,3,1
0,34,12,3,0
0,34,12,3,0
0,34,12,3,0
0,34,12,3,0
0,34,12,3,0
0,34,12,3,1
0,34,12,4,0
0,34,12,4,0
0,34,12,4,0
0,34,12,4,1
0,34,12,4,0
0,34,12,4,1
0,34,12,4,0
0,34,12,4,0
1,34,12,1,0
1,34,12,1,0
1,34,12,1,1
1,34,12,1,0
1,34,12,1,0
1,34,12,1,0
1,34,12,1,0
1,34,12,1,0
1,34,12,1,0
1,34,12,2,0
1,34,12,2,0
1,34,12,2,0
1,34,12,2,1
1,34,12,2,0
1,34,12,2,0
1,34,12,2,1
1,34,12,2,1
1,34,12,2,0
1,34,12,3,0
1,34,12,3,1
1,34,12,3,0
1,34,12,3,0
1,34,12,3,0
1,34,12,3,0
1,34,12,3,0
1,34,12,3,1
1,34,12,4,1
1,34,12,4,0
1,34,12,4,0
1,34,12,4,0
1,34,12,4,1
1,34,12,4,0
1,34,12,4,0
1,34,12,4,1
1,34,12,4,0
0,34,13,2,0
0,34,13,2,0
0,34,13,2,0
0,34,13,2,0
0,34,13,2,1
0,34,13,2,0
0,34,13,2,0
0,34,13,2,0
0,34,13,3,0
0,34,13,3,1
0,34,13,3,0
0,34,13,3,0
0,34,13,3,0
0,34,13,3,1
0,34,13,3,0
0,34,13,3,0
0,34,13,4,0
0,34,13,4,0
0,34,13,4,0
0,34,13,4,0
0,34,13,4,1
0,34,13,4,0
0,34,13,4,0
0,34,13,4,0
0,34,14,2,1
0,34,14,2,0
0,34,14,2,0
0,34,14,2,0
0,34,14,2,0
0,34,14,2,0
0,34,14,2,0
0,34,14,2,1
0,34,14,2,0
0,34,14,3,0
0,34,14,3,0
0,34,14,3,0
0,34,14,3,1
0,34,14,3,0
0,34,14,3,1
0,34,14,3,0
0,34,14,3,0
0,34,14,4,0
0,34,14,4,0
0,34,14,4,0
0,34,14,4,0
0,34,14,4,1
0,34,14,4,0
0,34,14,4,0
0,34,14,4,0
1,34,14,1,0
1,34,14,1,0
1,34,14,1,0
1,34,14,1,0
1,34,14,1,0
1,34,14,1,0
1,34,14,1,0
1,34,14,1,0
1,34,14,2,0
1,34,14,2,0
1,34,14,2,0
1,34,14,2,0
1,34,14,2,0
1,34,14,2,1
1,34,14,2,0
1,34,14,2,0
1,34,14,3,0
1,34,14,3,0
1,34,14,3,0
1,34,14,3,0
1,34,14,3,0
1,34,14,3,0
1,34,14,3,1
1,34,14,3,0
1,34,14,3,0
1,34,14,4,0
1,34,14,4,0
1,34,14,4,0
1,34,14,4,0
1,34,14,4,0
1,34,14,4,0
1,34,14,4,0
1,34,14,4,0
1,34,16,1,0
1,34,16,1,0
1,34,16,1,0
1,34,16,1,0
1,34,16,1,0
1,34,16,1,0
1,34,16,1,0
1,34,16,1,0
1,34,16,2,0
1,34,16,2,0
1,34,16,2,0
1,34,16,2,0
1,34,16,2,1
1,34,16,2,0
1,34,16,2,0
1,34,16,2,0
1,34,16,3,0
1,34,16,3,0
1,34,16,3,0
1,34,16,3,0
1,34,16,3,0
1,34,16,3,0
1,34,16,3,0
1,34,16,3,0
1,34,16,4,0
1,34,16,4,1
1,34,16,4,0
1,34,16,4,0
1,34,16,4,0
1,34,16,4,0
1,34,16,4,0